target,pred_mean,pred_std,lower_95,upper_95
9.02640000340706,9.054243877058681,0.01220018742634181,9.030331507781106,9.078156246336254
9.021599996618512,9.042663612630426,0.013873232065189043,9.015472070755548,9.069855154505303
9.033800003862616,9.034541153470853,0.013197634256883936,9.008673794891978,9.06040851204973
9.02799999766181,9.041903159498355,0.014208426585234041,9.014054637144978,9.06975168185173
9.00289999920082,9.033025616637424,0.013386032805597125,9.006788992578697,9.059262240696151
9.006699994564963,9.011495064360172,0.013865111852301378,8.984319450595189,9.038670678125156
9.030500002198526,9.002523033933304,0.01382108131925444,8.975433715448476,9.02961235241813
9.037100005526705,9.01797941471545,0.013332936102909707,8.991846863917756,9.044111965513142
9.000699998091426,9.022038884515371,0.011915792285441677,8.998683927011228,9.045393842019514
9.07590000434411,8.997642882085012,0.011314975361483974,8.975465535631818,9.019820228538205
9.050800005883119,9.055928977390812,0.013057725751623818,9.030335832154833,9.081522122626788
9.033999994135348,9.049279147667574,0.012437803504296546,9.024901055351735,9.073657239983415
9.07269999181031,9.027917798524546,0.013330354992341309,9.001790304841684,9.05404529220741
9.050700004740678,9.058620984121012,0.011790288599400827,9.035512011409049,9.081729956832975
9.042499995145599,9.036200355609218,0.013881678107624898,9.008992260992684,9.06340845022575
9.098000004568332,9.031515785574886,0.011082408140007561,9.009794264148983,9.053237307000789
9.139199994767862,9.076355000533102,0.01323784042191592,9.050408830243049,9.102301170823155
9.08399998877245,9.118022191265254,0.018155527233552064,9.082437352301842,9.153607030228665
9.076100006628991,9.093807332045465,0.015457011419980874,9.063511586539144,9.124103077551787
9.029899995343882,9.085220975694313,0.01537786937469926,9.055080355083303,9.115361596305322
9.05609999435957,9.045331595062141,0.01264498830366506,9.020547420029024,9.07011577009526
9.110499991215459,9.048138990497963,0.013033941696124448,9.022592464413194,9.07368551658273
9.116699989973876,9.091099673484802,0.013108046146317656,9.065407896491399,9.116791450478207
9.132700004594273,9.111824498839491,0.01701029493088431,9.078484322156354,9.145164675522627
9.12899999836042,9.130727009081257,0.015647561644927054,9.1000577818307,9.161396236331813
9.15219999913934,9.127734230146183,0.020333798364966304,9.087879985050545,9.167588475241821
9.123800011026407,9.144188207910735,0.017255521456143248,9.110367377087826,9.178009038733645
9.169400003444723,9.133101955132211,0.022315840527880156,9.089362908898782,9.176841001365641
9.14400000155641,9.160627723047602,0.017050874974061454,9.127208001912184,9.194047444183019
9.135399999403718,9.159093627443594,0.01923310260713231,9.12139674032754,9.196790514559648
9.148099988335726,9.147674734228257,0.01998922535940053,9.108495860211608,9.186853608244906
9.151000009454352,9.165792706978722,0.02035117994491963,9.125904395427835,9.20568101852961
9.1387999901981,9.169984418529651,0.020383940078940163,9.130031890028913,9.209936947030387
9.159799989867627,9.15808376605681,0.021072402899083565,9.11678186478311,9.19938566733051
9.086100000751552,9.181133374727219,0.022727864754477665,9.136586751700243,9.225679997754195
9.123499995586938,9.132893688488652,0.017663434524662645,9.098273353036486,9.167514023940818
9.120899989907782,9.14266533165412,0.018250297084997657,9.106894736814828,9.178435926493412
9.144299992971582,9.13834146243723,0.018543052681770297,9.101997071252942,9.174685853621519
9.113599990594668,9.146018330920667,0.01775231992449826,9.111223771255894,9.18081289058544
9.109599992945643,9.127789365911203,0.01790453787969423,9.092696472507853,9.162882259314554
9.134400012003612,9.115585983253164,0.02001262502612415,9.076361246850707,9.15481071965562
9.120500009362319,9.14151307825022,0.018658292737043097,9.104942810611584,9.178083345888858
9.128300002375486,9.12754676854511,0.017802340015461045,9.092654189742522,9.1624393473477
9.043200003142681,9.127833882936295,0.017856505799431013,9.092835140758705,9.162832625113886
9.054099995535058,9.05001400290961,0.01472055405754064,9.021161721341265,9.078866284477956
9.109000010115299,9.049995576272673,0.015795264533526643,9.01903685622538,9.080954308332114
9.094000006919309,9.093555004838485,0.016049253921657698,9.062098465290154,9.125011556398967
9.11740000998311,9.094310088539844,0.015337805853939526,9.064247979336281,9.124372197743407
9.102999989617464,9.117042840737545,0.01791164306597093,9.081936013241073,9.152149668234015
9.107100000421077,9.115483207304248,0.01427661505192551,9.087501049790554,9.143465364817944
9.066400003921602,9.126282009351408,0.017905224073719684,9.091187770587343,9.161376248115474
9.08569999618179,9.089479474795027,0.016055611351644083,9.058010478647931,9.120948470942123
9.079999991123426,9.093435339807735,0.01749768338182679,9.059139884943972,9.1277307946715
9.077700000883741,9.101517113817824,0.015960963123209562,9.070233633303623,9.132800594332025
9.116800003128466,9.106552582755818,0.016544330148115124,9.074125689779558,9.138979475732075
9.080100004278014,9.139112474248485,0.01930973261170367,9.101265387218307,9.176959561278661
9.091299988085563,9.116836616159356,0.016401628818156218,9.084689414066052,9.148983818252661
9.136599989088706,9.109942819685013,0.01968721440163685,9.071355880358716,9.14852975901131
9.14710000093562,9.152554261444788,0.017664536639355608,9.117931763805759,9.187176759083817
9.146899998650738,9.169168457255934,0.019234264782571484,9.131469287831523,9.206867626680342
9.131499990884986,9.169182991956516,0.021169334937392738,9.127691082506106,9.210674901406927
9.114499988864484,9.162488092649324,0.020933650563188,9.121458146434465,9.203518038864182
9.123000001886885,9.147869763483351,0.020140794658537423,9.108393804991646,9.187345721975058
9.153700004263799,9.151675452606236,0.017688813192973902,9.117005386856208,9.186345518356264
9.179100006152112,9.174673409034904,0.01953778026202774,9.136379349931428,9.21296746813838
9.186400005465227,9.204230935897403,0.019594979113681337,9.1658247794172,9.242637092377606
9.212700005623356,9.207568343394232,0.026067297799973344,9.156476444391023,9.258660242397442
9.267800022488476,9.235100790064601,0.02288225390564914,9.190251580998215,9.279950023155285
9.197500000142483,9.273079458177577,0.025035846076445472,9.224009203891812,9.32214971246334
9.1888000088595,9.223099884194186,0.0264402660248288,9.171276973836699,9.274922794551673
9.205699997725413,9.200859149629443,0.023351904916716997,9.155089425542336,9.24662887371655
9.176400011342666,9.210575801175679,0.02037266217232048,9.17064537502955,9.25050622732181
9.18040000899169,9.19232985098719,0.022060522295739196,9.149091230891186,9.235568471083193
9.176500000472958,9.192690840096212,0.02292209370012924,9.147763528035455,9.237618152156971
9.169600005729604,9.192784823151882,0.020203805888905545,9.15318535574167,9.232384290562095
9.17530001078797,9.186269673645949,0.021819525548532136,9.143503395282444,9.229035952009456
9.15029998944512,9.192682503664638,0.02453469770854616,9.144594482822402,9.240770524506875
9.16210000413161,9.165227919745657,0.02023971921210213,9.125558061140886,9.204897778350428
9.164799998941056,9.158321438441714,0.021379619622025045,9.116417392150806,9.200225484732622
9.153099997409155,9.177777108156079,0.022705864503140747,9.133273608744881,9.222280607567278
9.162899989246835,9.1784186770471,0.023806542242750875,9.131757843680617,9.225079510413583
9.17220001140876,9.188383115207904,0.02215794232761133,9.144953549987548,9.231812680428261
9.118399997383216,9.198163070780648,0.023112879663504296,9.152861820513984,9.243464321047313
9.153500001978918,9.157119358642758,0.02293915095205303,9.11215862878281,9.202080088502708
9.1771000073276,9.171738864999355,0.019907083279845698,9.13272097780685,9.210756752191863
9.148299990620608,9.19458868760357,0.02337454931955702,9.148774566612865,9.240402808594276
9.160899990422324,9.181615109960424,0.02149350981202676,9.139487829888001,9.223742390032847
9.178200007882296,9.186838737204145,0.024275007054081074,9.139259719173895,9.234417755234396
9.117599988243692,9.211916284958203,0.023217472449992622,9.166410035352573,9.257422534563833
9.089100011000468,9.160092773993254,0.019622479427852484,9.121632706987253,9.198552840999255
9.035700001544686,9.118621429342346,0.0188119626607787,9.08174999309791,9.15549286558678
9.04120000431817,9.061258948191771,0.014732178814969688,9.032383879576315,9.090134016807228
9.04100000203329,9.058260379400764,0.013268846782147105,9.032253439647695,9.084267307141683
9.030899994756139,9.057427000510645,0.016780445458173924,9.024537327472684,9.090316673548605
9.02289999945809,9.044948035124692,0.014350233010074412,9.016821575662151,9.073074482575082
9.012199997338445,9.031034446742606,0.014167726420564476,9.003265709084495,9.058803184400716
8.940699997319614,9.017065818692691,0.012644165471441976,8.992283253287571,9.041848384097811
9.027200000534435,8.95357855285618,0.011557673329327446,8.93092551328085,8.976231598437584
9.040499996321087,9.013568613574494,0.012364357470033671,8.989334474855172,9.037802752293816
9.067999998176353,9.049457468023075,0.01352875065226124,9.022941117044946,9.075973831013352
9.053999994392617,9.093713084722511,0.013835351752554062,9.066595801954248,9.120830367490775
9.091800005809915,9.092195301617174,0.015497899274482347,9.06181941105111,9.122571192183239
9.080300006562895,9.127893198929252,0.017551607421293258,9.093492061176457,9.162294336682049
9.047600005361469,9.131494585417826,0.020373510530360704,9.091562501595101,9.171426669240553
9.027500003961757,9.108143231558456,0.018224250240884806,9.072423712377743,9.14386275073917
9.018499997239303,9.073970276592664,0.01673546296229955,9.04116877273014,9.106771780455187
9.067900009046062,9.058509979849864,0.015537021343045231,9.028057415735189,9.088962543964541
9.032399999880598,9.084022667710219,0.01598960759459602,9.05268304241046,9.115362293009976
9.038699999781455,9.06299287791057,0.015126395030315773,9.033345139807265,9.092640616013878
9.046400003664331,9.067407607024329,0.014303687433279907,9.039372379835282,9.095442834213374
9.093100008649493,9.07546158492107,0.014859741833846231,9.046336495431289,9.104586674410854
9.111799994055037,9.113978973903256,0.01986196564729235,9.07504952015347,9.152908427653042
9.135899993103772,9.14727100589223,0.019818250433163015,9.108427246815136,9.186114764969323
9.153000008278864,9.175351470835322,0.021823594664087897,9.13257721640472,9.218125725265924
9.180099993552219,9.189638673095287,0.020460937955582063,9.149535223951471,9.2297421222391
9.2069000114347,9.218433236286522,0.025054807254024137,9.169325816411005,9.26754065616204
9.220400009506232,9.252360062314345,0.02729513164690444,9.198861601283374,9.305858547369613
9.230800008198553,9.276844738430409,0.031153067612916967,9.215784725548728,9.337904751312092
9.226999988810112,9.292712787579232,0.026708392211099156,9.240364345692402,9.345061253490359
9.250500005028503,9.288481916421773,0.027372387784755044,9.234832030237458,9.342131778581791
9.280800002835656,9.307388654940073,0.02877716659609698,9.250985415979377,9.36379189390077
9.24650000737948,9.325902884469738,0.0293693084960239,9.268339031649269,9.383466737290204
9.239000005781485,9.305500393127812,0.036359790759616664,9.234235194590214,9.376765591665407
9.252500003853015,9.301409439484726,0.027032353870084132,9.24842601136466,9.35439286760479
9.266899976170064,9.307792407300399,0.03378157511918651,9.241580527754568,9.374004286846228
9.260200007735891,9.317991490784499,0.029049629168243735,9.261054215692797,9.374928789900498
9.26150001057547,9.315404698469509,0.03140901347985583,9.253843034211178,9.376966386752137
9.277799992586738,9.30663823195262,0.031815312415820814,9.244280210248135,9.368996229632806
9.242399996575864,9.307822870110876,0.03126829115148456,9.246537028823443,9.36910871139831
9.243200005715389,9.286252749814022,0.028167763237709153,9.231043926901064,9.341461548702679
9.24659999650977,9.277281404079659,0.027460352753654986,9.22345911952942,9.331103712654196
9.314400002306899,9.277306389350082,0.02460488019201182,9.229080829399024,9.32553194930114
9.278699990856554,9.317090195202564,0.036655439782837994,9.245245530585528,9.3889348598196
9.214399989008397,9.30750027183083,0.031078012701414977,9.246587359728768,9.368413159908595
9.220900003206285,9.245646592224425,0.02846674863538248,9.189851768622841,9.301441439850306
9.229700007643858,9.241273569292836,0.027090570751385996,9.188176049779269,9.294371088806402
9.268599983579405,9.238733456189802,0.027253503543705922,9.185316581676483,9.29215033070312
9.24639999422489,9.28392147993771,0.029222571083919645,9.226645246018695,9.341197713856726
9.206100002295175,9.276254941902621,0.0265297024820109,9.224256726239096,9.32825313354185
9.241600011460639,9.237097905973295,0.026164947564199733,9.185814605384062,9.288381206562528
9.237099996087263,9.271051663239717,0.025503051113623904,9.221065674768631,9.321037627686506
9.213699993023463,9.27749089596244,0.027441067248046784,9.223706401633718,9.331275390291164
9.236100008687156,9.251738601761156,0.028577440590648484,9.195726814719961,9.307750412826648
9.230200001343912,9.265846750924517,0.023165602488046555,9.22044217215007,9.311251329698962
9.237400011526734,9.262574329155086,0.02387032825674511,9.215788473339291,9.309360184970881
9.261300008290588,9.275719055900634,0.029192901075291645,9.218500960783949,9.332937151017317
9.311700007497453,9.30331668049279,0.026330240743845733,9.251709412238498,9.354923948747082
9.309800021827531,9.357926793863221,0.031278666645392424,9.296620628019271,9.419232959707172
9.330600019212175,9.372950052580144,0.03597531189274996,9.302438448237401,9.443461656922889
9.351299979417933,9.389082993644053,0.03522363063266401,9.320044655381556,9.45812133190655
9.332400015751807,9.416240733330964,0.03937743484362154,9.339060944700943,9.493420521960985
9.35630001251566,9.400766394385702,0.037686574685929605,9.32690070968298,9.474632079088423
9.391099977647594,9.416765472058456,0.03691250878573099,9.34441696985361,9.489113974263303
9.441399987724166,9.437244168475173,0.038539779628372524,9.361706200403564,9.512782136546784
9.44070001576353,9.47849888602665,0.0487233404126138,9.383001146385581,9.57399662566772
9.439800017493715,9.5033546654814,0.04190540066073465,9.4212200574834,9.585489273479402
9.467800001036885,9.497083746993857,0.04375452689076594,9.411324881375124,9.582842612612591
9.435800019844692,9.5063581352293,0.036714488505474874,9.434397721542167,9.578318548916432
9.407899977383215,9.475590120063377,0.041499137761217386,9.394251821462932,9.55692841866382
9.420599990339522,9.449338240575111,0.04455252099225483,9.362015297027861,9.53666118412236
9.409400006531973,9.446021830315157,0.043094065892024545,9.36155744194735,9.530486218682963
9.38389999148907,9.432150488661954,0.03772382436072937,9.358211818140438,9.506089159183471
9.306999989839195,9.40703625580411,0.03668982456004352,9.335124179005529,9.478948332602693
9.327899976354132,9.348476595811471,0.035703552031333866,9.27849765821472,9.418455533408224
9.334799995121783,9.336077078780606,0.03421662213132517,9.269012480784378,9.403141676776835
9.316500014286001,9.339593563398337,0.03214515101882249,9.27658907184594,9.402598054950735
9.281399985666,9.325275225647538,0.030988089752188572,9.264538579823453,9.386011871471622
9.276200022356287,9.289740933808137,0.031682656245665616,9.227642927086148,9.351838940530127
9.154899993948787,9.257928486289911,0.027767905816775244,9.203503384042106,9.312353564513417
9.067000010776246,9.185426997352318,0.023775205548415532,9.138827594117059,9.232026400587577
9.087200001306249,9.100448392899754,0.021462246692105523,9.058382386800615,9.142514386986743
9.133199998294327,9.088845497582327,0.01807287914221041,9.053422654463594,9.12426834070106
9.130799994900052,9.115436287849308,0.018541940056446746,9.079094082876182,9.151778492822435
9.151900007724167,9.125269144927314,0.01673322419798455,9.092472037511413,9.158066252343215
9.183799999786071,9.134877182620105,0.018729671930877,9.098167021491395,9.171587343748817
9.177699990157945,9.171057055408374,0.022731417347616016,9.126503465334837,9.215610645481911
9.17050000399942,9.191543103260427,0.02264434578231596,9.147160181803322,9.235926024717534
9.228699996219452,9.182418482501737,0.02471612620766162,9.133974878017636,9.230862086985837
9.243200005715389,9.233545889418105,0.02439581624204624,9.185730087901995,9.281361690934217
9.266600008779191,9.25982852000843,0.02495799683872604,9.21091084404234,9.308746171950222
9.287400006163836,9.283243418137292,0.026277393293255086,9.231739718633763,9.33474709361652
9.315700005146477,9.308521785002378,0.02721116372066481,9.255187890416027,9.361855679588732
9.361399986695083,9.341080955766092,0.030475948766214078,9.281348093181276,9.400813818350908
9.395600017045268,9.376822625350009,0.03515699924081805,9.307914931222667,9.445730319477349
9.435000010705167,9.408524705240998,0.04257990986801469,9.325068088146008,9.49198132233599
9.416699981820788,9.455267725732597,0.037064150157763334,9.382621994906904,9.52791345655829
9.332199989442627,9.43789959938642,0.041754798339611744,9.356060201968193,9.519738996804648
9.31409998686743,9.375187867935352,0.03701557602926557,9.302637321380253,9.44773841449045
9.360099983855505,9.34189485095014,0.03000998248192624,9.283075296096499,9.40071440580378
9.324900014153812,9.35287212951074,0.033590212572647826,9.287035317312846,9.418708941708635
9.357600015355239,9.327239644485996,0.03133449611203242,9.26582402393815,9.38865526503384
9.333099987712442,9.351050559151071,0.03420492830403798,9.284008880335595,9.418092237966546
9.330499982033288,9.35292488687021,0.03120042551130397,9.291772044099186,9.414077729641237
9.308399981809064,9.33129494607013,0.028835038128108136,9.274778264371992,9.387811627768269
9.31409998686743,9.31072500536777,0.02626029399880895,9.259254819760628,9.362195190974912
9.272400002967846,9.311211881800851,0.031323036521655453,9.249818723972089,9.372605015605314
9.325199981544685,9.269077682730464,0.03178712891066152,9.206774916912492,9.331380472572734
9.337700016240408,9.311888213851779,0.02950547221375779,9.254057499123746,9.36971892857981
9.366799976313978,9.323899257976153,0.02922705161558695,9.266614231163892,9.381184284788414
9.373299990511866,9.349384426002594,0.03331360580901255,9.284089746124293,9.414679105880893
9.358399976446167,9.353539332328245,0.032628075454802875,9.289588283415569,9.417490381240919
9.371599983102525,9.348666964352661,0.03162470663468439,9.286682544513903,9.410651384191418
9.364899990644055,9.376653542337277,0.03441202676608381,9.309205948974613,9.44410113569994
9.41879999379989,9.387988158313531,0.0359059717612499,9.317612435403014,9.458363881224047
9.399499977515404,9.42621860107462,0.03465746200243583,9.358289993207705,9.494147208941536
9.401500000364216,9.42409432455405,0.036824336607256626,9.351918605103902,9.496270044004197
9.350900022896768,9.420964823336302,0.03375084203535058,9.354813148682474,9.487116497990131
9.357899982746114,9.389949646187572,0.028502950250160877,9.334083878832566,9.44581541354258
9.387200017177458,9.36851785780139,0.031108892934079122,9.307544428491445,9.429491287111334
9.346299994368803,9.393354417817353,0.0343849784090279,9.325959870105741,9.460748965528962
9.320699990195608,9.354173093322258,0.029192375543762302,9.296956055274707,9.411390131369807
9.243499997130561,9.332345240351263,0.032482917640323954,9.268678735229836,9.396011745472691
9.302300020229534,9.260995740550285,0.02890312899608701,9.204345603874067,9.317645877226504
9.237900005226788,9.294801412040853,0.028994181087342176,9.237972822875493,9.35163002523051
9.241200006890876,9.26840115848515,0.029207126463031606,9.211155195182224,9.325647121788073
9.27000002359787,9.276409418141876,0.029376215481838112,9.218832039641361,9.33398682066669
9.257100008356684,9.290444413316353,0.027945886829058214,9.235670478254557,9.345218372402446
9.25010000045874,9.291291317886518,0.026785203899427804,9.238792315721088,9.343790320051948
9.262900002545338,9.295318511041426,0.032211677304362585,9.232183615596856,9.358453406485996
9.343100005859302,9.306463142865267,0.02802268650523762,9.25153867154917,9.361387590157065
9.282100005675234,9.358304744126976,0.03623616772569153,9.28728185466389,9.42932763359006
9.27460000407724,9.323078972328709,0.025493939898423766,9.273110833911396,9.37304711074602
9.278600001726263,9.317506728489683,0.03059682702403739,9.257536938273216,9.377476518706152
9.274299988637768,9.323335215496341,0.03284439924746665,9.258960185764018,9.387710245228666
9.256099996932278,9.315601505522691,0.03254443485963009,9.251814398422873,9.37938861262251
9.245200004539901,9.303932999846104,0.027715493806594625,9.249610625498617,9.35825535016929
9.23819999664196,9.282293209083644,0.0275454858583711,9.228304051756133,9.336282342386856
9.260900003720826,9.277074458772516,0.027465475935306745,9.223242132065511,9.33090680950382
9.270500017297923,9.296634225772213,0.03291882352113343,9.232113320499492,9.361155131044933
9.291999986643205,9.310142608323915,0.029043166631951483,9.253217994037515,9.367067222610315
9.278799979986847,9.337401153967265,0.028750277400018526,9.281050624317444,9.393751683617086
9.163200004686306,9.324515481232273,0.031848526008475236,9.262092377703194,9.386938584761353
9.243900001700323,9.219832099114363,0.025581664624338866,9.169692042817099,9.269972155411628
9.222299995176154,9.280340273859862,0.02997466976619176,9.221589908985855,9.339090638733868
9.240600000036235,9.281803401686147,0.030603202472247636,9.221821118834468,9.341785684537827
9.273700005807424,9.306822690516382,0.03307285230782764,9.24199989590891,9.371645485123855
9.283300019384521,9.328882377967748,0.031201936039071163,9.267726604232308,9.39003815170319
9.308699997248535,9.34919348087824,0.031044333637977425,9.288346563524113,9.410040398232368
9.306900000708904,9.349706976234042,0.03273665627483958,9.285543120085395,9.41387083238269
9.249800009043568,9.353278236252317,0.03787647775633537,9.279040319068882,9.427516153435754
9.2100999999442,9.293928513179727,0.02893933061086541,9.237207432750084,9.350649593609369
9.201600010946098,9.242371431684967,0.02685682333624655,9.189732055543494,9.29501080782644
9.138600011937518,9.230354117218686,0.026799294150488793,9.177827487110001,9.282880747327374
9.14880000834496,9.162685404212775,0.02231123687168312,9.118955367091276,9.206415441334274
9.163499996101478,9.157312754245556,0.019537799781770258,9.119018671117782,9.195606837373331
9.176099995903195,9.173424890266977,0.022977733975418673,9.1283885319154,9.218461248618555
9.144499995256464,9.199381126738096,0.023640634941974874,9.153045486275895,9.245716767200296
9.093600002349547,9.17540999402643,0.021560570638208126,9.133151277017,9.21766871103586
9.098200006853213,9.125575694975973,0.02169970736287944,9.08304427815445,9.168107111797498
9.119299995653032,9.117541753344167,0.016767762130092914,9.084676945455138,9.150406561233195
9.189199989404964,9.122573450467296,0.018144627709633508,9.087009969105237,9.158136931829356
9.192499991069054,9.190362933621689,0.021311979209642746,9.148591453409818,9.232134413833561
9.214200010747813,9.21711430229974,0.023926033097336725,9.170219280071633,9.264009324527846
9.2100999999442,9.242175561579426,0.02590839808676146,9.191395113581764,9.292956009577086
9.243200005715389,9.22896930860546,0.024728880107119423,9.180500694826637,9.277437898359985
9.246300005094598,9.262388068768939,0.028212613599941868,9.207091340947828,9.317684796590049
9.270600006428214,9.269999783354885,0.025001509347836914,9.220996821129177,9.319002721556295
9.2760999851774,9.2900125525268,0.027549434852434444,9.236015659375179,9.344009421654123
9.288499982694233,9.29352572179134,0.02634346011408667,9.241892531318983,9.3451588882394
9.25149999242861,9.31697838611742,0.030384941720518574,9.257423903948848,9.376532892310289
9.272199976658666,9.286088327515195,0.02619390284994783,9.234748281532942,9.337428397521746
9.2313999910289,9.28582132146184,0.027891348668461744,9.231154270504003,9.34048837241968
9.18049999812198,9.248444101661418,0.026435602307885553,9.196630320537356,9.30025790680978
9.254999996377581,9.191316986563095,0.024843322855986276,9.142624081933622,9.240009891192566
9.26299999167563,9.252550238661145,0.03125263331494747,9.191295076402877,9.313805400919415
9.262900002545338,9.288480138623687,0.028215907931871512,9.233176972290583,9.34378330495679
9.176000006772904,9.296586657661214,0.0293220076553458,9.239115514608596,9.354057776689533
9.151399989999817,9.218176560681517,0.023440263283504615,9.172233645426639,9.264119499960696
9.151000009454352,9.182745357106914,0.023298590493824566,9.137080114693914,9.228410599519911
9.161200005861794,9.179214674128778,0.023547096335826596,9.13306236308831,9.225366985169245
9.176000006772904,9.198040066372409,0.025120105297304223,9.148804669058865,9.247275463685952
9.156699990488418,9.238661191099961,0.028266208806822832,9.183259429045878,9.294062953154045
9.197999993842537,9.220642799066713,0.027797924177731265,9.16615886131192,9.275126712797206
9.081800011687355,9.250123400125466,0.031935454929503046,9.187529892247237,9.312716908003692
9.130199988045408,9.136102926353068,0.021203805301161616,9.09454346057532,9.177662392130816
9.19709999557272,9.147612415197989,0.019642209382982643,9.109113693095725,9.186111137300252
9.17369999250892,9.206715961284011,0.023306464457652765,9.161035295271386,9.252396627296639
9.075099995204585,9.207502372670595,0.026812024025648116,9.15495080534008,9.260053940001107
9.051899994425666,9.10570077722876,0.01849711371851252,9.06944642911519,9.14195512534233
8.997800000997099,9.064112578390025,0.017697490469282668,9.02942550343667,9.098799653343379
8.935200000552205,9.018438374913691,0.013931875377789003,8.991131900794866,9.045744849032518
8.961600001852775,8.949912583047205,0.01143847677239803,8.927493167762485,8.972331998331926
9.003699996328194,8.956624821891829,0.012191104739996123,8.93273025461943,8.980519383158152
8.986099999465198,9.00208278866358,0.011919701489260656,8.97872017942037,9.025445397906791
8.95079999859069,9.003394455300072,0.010538949228680915,8.982738111208212,9.024050799391931
8.94320000185633,8.974559447202337,0.011439143446680967,8.95213872259335,8.996980171811325
8.943499999277575,8.976121759344915,0.011001415472983335,8.95455898447732,8.997684528206435
8.970500001426714,8.96725298535293,0.010713416687310571,8.946254691408596,8.988251279297264
8.988199999432151,8.980957442216711,0.012666194251633343,8.956131699141142,9.005783179286208
9.038900002066336,9.001319356518499,0.0113777666193691,8.97901893358417,9.023619779452826
9.039800000336152,9.066910352094302,0.01542521225789971,9.036676937630398,9.097143778570356
9.049099998473778,9.085557724286165,0.015854235177193452,9.054483423338867,9.116632025233464
9.02960000392871,9.09818549617693,0.014821511667364572,9.06913533847412,9.12723565387974
9.061799999417934,9.082273458537584,0.018185619168922196,9.046629639921393,9.117917277153774
9.059599998308542,9.10163209411037,0.016383717202117582,9.069520015541448,9.133744172679291
9.09759999999857,9.10283744121392,0.01669178078158063,9.070121559951195,9.135553322476646
9.080300006562895,9.129745280147997,0.016856884769876065,9.09670579158469,9.162784768711305
9.105399993011739,9.134030470244328,0.01771417684609861,9.099310674196438,9.168750266292218
9.050400001313356,9.148133886620888,0.020489234074640497,9.10797498939617,9.188292783845604
9.076399998044163,9.086111075953152,0.01813862313653111,9.050559366497351,9.121662785408954
9.053800004119886,9.097494004793658,0.016340465957252727,9.06546668394979,9.129521325637528
9.067999998176353,9.07759825797966,0.013605099872844065,9.050932259646274,9.104264244300897
9.098000004568332,9.089258307103181,0.01552817739816573,9.058823076519861,9.119693537686501
9.129600005215064,9.114902924398661,0.016932604854142334,9.081715013719318,9.148090835078003
9.151200011739233,9.153691811978016,0.018160235996054968,9.118097747683986,9.189285876272045
9.160100005307097,9.192216552395537,0.024263639056342073,9.14465982891428,9.239773275876795
9.184699998055887,9.207962005549195,0.02600955539856654,9.156983285016144,9.258940726082244
9.170999997699473,9.227803649643006,0.021860441931888058,9.18495717817116,9.270650121114853
9.154300011118442,9.2139196952331,0.02436539847712792,9.166163522025826,9.261675868440374
9.162700010986253,9.214248780073737,0.024482420835044514,9.166263246888834,9.26223431325864
9.14869999519037,9.205449111976343,0.024267624086853144,9.157884580598077,9.253013643354608
9.1802999958371,9.185857849121334,0.023217540018332112,9.14035147939421,9.231364218848455
9.214000008462932,9.207030967885737,0.022285317656655965,9.163351742155532,9.25071019361594
9.214599991293278,9.247996769223642,0.027845270063969026,9.193420025603805,9.302573512843479
9.182900001516256,9.249330838518471,0.027648928481569496,9.195138940136053,9.30352271287659
9.266600008779191,9.230374633969593,0.023408337993856408,9.184494277987966,9.27625498995122
9.242899990275918,9.29170559288958,0.02580721675065789,9.241123441451608,9.342287744327551
9.313500004037083,9.289184338860855,0.029774454265661648,9.230826410902589,9.347542290843421
9.337700016240408,9.339980306555336,0.03338330930802717,9.274549024515855,9.405411588594818
9.356599979906536,9.376138173086193,0.03243792613533765,9.312559837140203,9.439716509032184
9.368399994593025,9.40505732628937,0.03223963257868628,9.341867655444256,9.468246997134482
9.357200010785476,9.417912151825107,0.03846419317926657,9.34252231757795,9.493301986072264
9.389699985677725,9.422754921864957,0.03702669627642645,9.350182609295432,9.495327234434482
9.377699992730651,9.447686666151515,0.03958774054951501,9.370094716656698,9.525278615646332
9.350900022896768,9.433484894296962,0.033862768238951214,9.367113877797971,9.49985591079595
9.385199994328648,9.403465860660582,0.03644128418311242,9.332040948586663,9.4748907727345
9.388399982838147,9.428167836556435,0.034944561378434096,9.359676483521827,9.496659189591044
9.384799989758886,9.442868881382088,0.04076262484258691,9.362974154828963,9.522763607935213
9.41039999393208,9.439771140286936,0.03919708143186325,9.362944845184813,9.51659743538906
9.356599979906536,9.459041030101123,0.042991725383519114,9.37477724462566,9.543304815576587
9.378800017309647,9.414347138124437,0.03623359412271641,9.343329293764036,9.48536498248484
9.40729999455287,9.422648926660045,0.03527390448027953,9.353512088773762,9.491785764546329
9.38049997667039,9.43915121728885,0.03897319298821426,9.362763750022838,9.515538684554862
9.419799981199997,9.41836760447577,0.0411222235453359,9.337768053053717,9.498967155897827
9.40869998652274,9.44680631975786,0.04197490295624948,9.364535493987452,9.529077145528268
9.379499989270283,9.449022080807058,0.04413539010071078,9.362516732185824,9.535527429428294
9.408299981952977,9.432343307681588,0.04432854846356115,9.345459336116242,9.519227279246934
9.433200014165536,9.45068513884533,0.0384913886851507,9.375242018704135,9.526128258986525
9.58629999745605,9.465256692702152,0.0420103147722152,9.382916484757722,9.547596900646582
9.436599980935618,9.5382090216251,0.03996380790887493,9.459879958604192,9.61653808464601
9.338799992770808,9.420180237796405,0.04039949757099805,9.340997207061577,9.499363268531233
9.41560000529039,9.311220722742693,0.030403086071948776,9.251630660588066,9.37081078489732
9.414499980711394,9.352462371075793,0.03330022727779415,9.287193925731438,9.417730816420148
9.480000020293138,9.35735958017601,0.03168865931724936,9.295249801547762,9.419469358804257
9.52170000419272,9.432150152321775,0.03983465628326112,9.354074209309696,9.510226095333854
9.647799991340172,9.466361089703472,0.03743829557324452,9.392982041190846,9.539740138216096
9.694899964858648,9.538103410808965,0.04707014735190781,9.445845924401654,9.630360897216274
9.68539998846044,9.588880591502031,0.04270689029765299,9.505175082674743,9.672586100329319
9.6655999784759,9.589572491298377,0.04876719676949673,9.49398879271733,9.685156189879422
9.784800042952895,9.572370853340695,0.04592209519720547,9.482363530778015,9.662378175903378
9.671699988104027,9.623369874405965,0.05650958251793642,9.512611083541577,9.734128665270354
9.701899972756589,9.582630430008377,0.0533457445715805,9.478072791068733,9.687188068948021
9.70410002191458,9.596218909571228,0.041311970457801515,9.515247462008636,9.677190405182415
9.758400029640176,9.599701808219677,0.05076236971305086,9.500207578477163,9.699196086010788
9.73349999742762,9.618548149651588,0.05453419058114673,9.511661162779511,9.725435136523663
9.7134999611339,9.633735061889784,0.04793222026352871,9.539787898521483,9.727682177209488
9.677299955983502,9.609563302261476,0.05238763152373165,9.50688354663715,9.712243009837207
9.607999993110512,9.58416303610588,0.049553893444623416,9.487037409999521,9.68128866221224
9.642099986281808,9.542641408598245,0.0508860528077222,9.442904725635426,9.642378091561062
9.64450001370038,9.534645064993565,0.05045754941388318,9.435748271505755,9.633541858481374
9.633800023592885,9.557993559961416,0.04889762168293021,9.462154194795902,9.653832925126931
9.629000016804337,9.557913895387642,0.04971316553446181,9.46047609754678,9.655351693228505
9.498100022868337,9.563044332377542,0.04147078608596871,9.481761577955194,9.644327086799892
9.547099982056736,9.496697580420022,0.04600613219330324,9.406525547266934,9.58686961357311
9.585399999186235,9.515565447623374,0.04684189249200931,9.423755341702437,9.60737555354431
9.572500007969346,9.52292673292192,0.04392836971763501,9.436827106653487,9.609026359190354
9.564199997231828,9.528134624250134,0.04559981523911439,9.438758996591798,9.617510251908472
9.644799981091255,9.525446737687124,0.045990186065184346,9.435305984170661,9.615587491203586
9.646300010240012,9.568462099977314,0.05421079349317613,9.462208970196446,9.674715229758183
9.674299993783182,9.582344204516238,0.04916748062172874,9.485975920395294,9.67871248863718
9.666600013924604,9.601836271042805,0.05301142843994883,9.49793387082002,9.70573867126559
9.681199964502236,9.610248138914068,0.05272355728336176,9.506909973365483,9.71358635251125
9.723500027329356,9.612804708661564,0.044101665991713564,9.52636542686116,9.69924394241337
9.680600029720487,9.639113045251266,0.05562846134065485,9.530081265107713,9.748144825394819
9.691299971779387,9.613419346313984,0.04466844423851578,9.52586918095167,9.700969463627699
9.709699989794055,9.617299318567781,0.04921087150782853,9.520845988430203,9.713752600656761
9.770399974538654,9.634889189188966,0.04839097024915935,9.540042892425594,9.729735485952338
9.723800042768827,9.652585343306646,0.05279091541023687,9.54911514021359,9.7560555463997
9.748000006923556,9.65067699718085,0.04850655415220421,9.555604151282774,9.745749795030331
9.742600017304662,9.65531834750221,0.054571692511080586,9.548357798228174,9.762278896776245
9.729599988908886,9.648504335723132,0.05798448825655377,9.534854749070735,9.762153970424126
9.729599988908886,9.631482543663905,0.045570421509918954,9.542164526273332,9.720800561054476
9.714700022891783,9.629843509924118,0.05046886485846924,9.53092451798451,9.728762501863727
9.746599966905091,9.626918407437874,0.052196127834439374,9.524614007453064,9.729222807422683
9.75220003088176,9.642746576251213,0.055865689276037196,9.533249829834796,9.752243370716226
9.754500021121444,9.650353053540089,0.055878025753308844,9.540832138679399,9.75987396840078
9.76530000035923,9.659660307015859,0.048880396260917024,9.563854720014012,9.755465894017703
9.711199970894215,9.652687398526606,0.057296144056384134,9.540386968428486,9.764987876673324
9.674900024662124,9.640816896548364,0.052217755709149785,9.53847006965243,9.743163723444296
9.657000000347507,9.598864321174517,0.04726398139815305,9.506226914510979,9.691501775886653
9.66729998588524,9.608437667780297,0.05176787669573444,9.506972628735928,9.709902658776068
9.686800028478904,9.593021852026142,0.04711159527286769,9.500683115441358,9.685360588610925
9.766700040377696,9.625259577676136,0.0530235727228326,9.521333345349253,9.729185810003019
9.779600031594585,9.647893301715484,0.06207710558230932,9.526222193993597,9.769564409437372
9.83520004215976,9.665361465240549,0.0597413611804057,9.548268379789215,9.782454502643285
9.838699998060134,9.702400543039808,0.051390034541324,9.601676077020512,9.803125009059102
9.816199993266148,9.698154969011677,0.05417097922451317,9.591979870152285,9.804330067871069
9.825800006843245,9.673288378622608,0.05763918100836558,9.560315556458512,9.786261200786706
9.739500017925455,9.681862650751624,0.061701924118956,9.56092687875774,9.802798470794103
9.784200012073955,9.63585943450755,0.04852174952099547,9.540756798479352,9.730962070535746
9.775599985896964,9.646334557181232,0.054419288367571365,9.53967272603455,9.752996388327915
9.784500027513426,9.65209981223428,0.05169657858390792,9.550774498509895,9.753425077910066
9.729400010648304,9.656766291971852,0.051502065851230495,9.555822243864412,9.757710340079292
9.763399966640712,9.633220845805027,0.059482511376387555,9.516635105489085,9.749806538072376
9.734499984827726,9.64799165719348,0.05362155553032849,9.542893423489343,9.753089890897614
9.683700029099697,9.632347514506531,0.05432394193296215,9.525872592402056,9.738822436611006
9.64419999826091,9.599193598209542,0.05290119294635402,9.495507272527323,9.702879971940359
9.625299986546187,9.565071887072417,0.050814316252448345,9.465475842352925,9.664667931791907
9.626800015694943,9.55384475580758,0.04878178552475127,9.458232468311339,9.649457043303823
9.637900010372201,9.565721840443608,0.0492654937534697,9.469161458031985,9.66228222285523
9.64770000220988,9.572661979789727,0.04621394237519167,9.482082638680136,9.663241320899317
9.67709997772292,9.594877488841062,0.04769796533508378,9.501389477865391,9.688365547865331
9.682999961041867,9.611305352193163,0.05121789443661,9.510918283421782,9.711692469013142
9.70410002191458,9.609511313679556,0.050709624365728775,9.510120436469121,9.708902190889992
9.684000044539168,9.624511845410114,0.04738697079120566,9.531633378935584,9.71739035993324
9.623899994576318,9.615702279301743,0.052534708279051996,9.512734232095607,9.718670278459285
9.628700001364866,9.564901650893358,0.047826168000907464,9.471162345755541,9.658640956031173
9.57120000512977,9.561407989359186,0.051381674085451495,9.460699907911458,9.662116070806913
9.573999989069506,9.530083619488964,0.04829459377275263,9.435426201760276,9.624741037217653
9.539999985028501,9.516358826056516,0.0459829277240048,9.426232294924757,9.606485357188276
9.54139997699837,9.495588234413216,0.03857943473605802,9.41997252371171,9.571203945114721
9.549000015775254,9.483856496783018,0.04025653497679312,9.404953685465708,9.562759308100325
9.55300001342428,9.50682060297512,0.03973619269592358,9.428937671177064,9.584703534773178
9.580599992397687,9.520039829070267,0.03913954924306818,9.443326304025227,9.596753354115307
9.631800000744075,9.538918987693906,0.05116655451074924,9.438632532684576,9.639205442703236
9.66270000540587,9.576838652129805,0.05150538120442132,9.475888117461773,9.677789186797835
9.645400011970196,9.603155445272574,0.052677028223272464,9.499908475961034,9.706402414584113
9.69699997683775,9.603502644434267,0.04528342724022656,9.514747131968404,9.692258156900131
9.741300014465086,9.620352614710736,0.05568830586817902,9.511203547941983,9.729501681479489
9.731200007187935,9.643557492422248,0.049139633456748225,9.547243791507462,9.739871145288438
9.7432999892653,9.658170608315448,0.05862403910650197,9.543267481816743,9.773073686765558
9.714599985712896,9.648680674074006,0.052815648425526364,9.54516198994661,9.752199358201402
9.70260004081442,9.638176241756172,0.0568544272983788,9.52674155127823,9.74961088418552
9.673499984643657,9.621046148159378,0.05167554531058499,9.519762060131193,9.722330236187563
9.645599990230778,9.61872972529953,0.052541651301313934,9.515748080340451,9.72171137025861
9.698900010556269,9.60130446917156,0.045592677019427263,9.51194282365494,9.69066611468818
9.64760001307959,9.61242070427459,0.060015844796662436,9.4947896667316,9.730051741817583
9.633900012723178,9.613802822166388,0.04410229062347415,9.527362339151061,9.700243353230313
9.623400000876265,9.5977393113251,0.050108536417653796,9.49952658571233,9.695952036937868
9.622500002606449,9.580395209277407,0.039373509873856676,9.503223108422901,9.657567310131913
9.665300011085026,9.568972135834134,0.05267778498867472,9.465723677016088,9.672220642700776
9.563399988092304,9.611165050290015,0.05081489884168659,9.511567852404198,9.710762248175834
9.592099991644705,9.5394991745023,0.05395481459282686,9.433747720122378,9.645250628882222
9.590200005974783,9.542760232778546,0.04920994356929958,9.446308728487654,9.63921173706944
9.634199980114051,9.55354377939617,0.03791452323602243,9.479231338838837,9.627856219953504
9.642899995421333,9.580225213341333,0.0508562386533033,9.480547005521027,9.67990342116164
9.64090002062112,9.595260099818722,0.0518705685596052,9.493593785201654,9.696926462484388
9.643600015430565,9.592140736854935,0.05288996158681265,9.488476417430128,9.69580510432834
9.648699989609987,9.613009443733246,0.04978244860825297,9.51543586055735,9.710583026909141
9.661400002566294,9.604048380398634,0.052770927193898004,9.500617384960707,9.707479375836563
9.675700033801649,9.620382645083842,0.0470611862885732,9.528142696414426,9.712622593753258
9.705200046493575,9.627724278506228,0.052433313727299376,9.524954960297151,9.730493596715306
9.69239999635838,9.635134813616668,0.05117286088910134,9.534836010117917,9.735433665164017
9.638999986902599,9.628934334372282,0.05569896665063139,9.519764366463848,9.738104302280716
9.595599995593677,9.606723726277837,0.05578383849110149,9.497387414126697,9.716060086477572
9.604099984591778,9.561568135332882,0.04649078637877448,9.470446181417728,9.652690089248036
9.621199999766871,9.558290500290681,0.04868549013035193,9.462866947683331,9.65371405289803
9.602500014361327,9.57688295293621,0.04412229385499957,9.490403262265756,9.663362643606662
9.53530001541884,9.581700641608442,0.04882025443269911,9.48601291781496,9.677388365401924
9.570399995990245,9.525676650223618,0.04395428592962485,9.43952623658819,9.611827063859046
9.561800017861852,9.547446124149296,0.04683944801963854,9.455640823088055,9.639251425210535
9.594900023633041,9.548301869661303,0.04415474467617712,9.461758562648463,9.634845176674142
9.62569999111595,9.568848170453956,0.04787218654465397,9.47501867809963,9.662677662808282
9.576800021057842,9.590909539606216,0.0506988194374855,9.491539851827044,9.690279227385389
9.613100015338532,9.561209596702303,0.04763730698444846,9.467840457955532,9.654578735449075
9.629000016804337,9.577996190879372,0.04763501266394322,9.484631568700715,9.671360861106624
9.595199991023915,9.593426421212616,0.04308800275969459,9.508973948896857,9.677878941576973
9.596700020172673,9.571097325278048,0.04810901807911133,9.47680363542841,9.665391015127685
9.512800010624856,9.564516589437252,0.04694006178169042,9.472514048885458,9.656519129989046
9.490899988661216,9.523875788809242,0.04539129634042067,9.434908862516718,9.612842715101765
9.50989998950623,9.482477934487395,0.04133072142276844,9.401469729748126,9.563486139226667
9.497800007428866,9.510247765251087,0.04265764949487229,9.42663878605511,9.593856744447066
9.531199980590928,9.498848187571731,0.04530920230946281,9.410042127981859,9.587654247161606
9.572299981660167,9.533651948542825,0.046114124418027085,9.443268261320089,9.62403563576556
9.547600023805385,9.563967970557067,0.05007888743028697,9.465813335698032,9.662122605416101
9.557100000203594,9.568899582452712,0.045202681573021125,9.480302342065263,9.65749682284016
9.52690001555103,9.56482107339624,0.049691576699236434,9.467425606369307,9.662216540423175
9.520400001353142,9.55481649063267,0.045229943145726086,9.466165820205392,9.643467161059947
9.491100014970394,9.535530264295515,0.0472158967647369,9.442987128979228,9.6280733996118
9.48010000942343,9.524357187702268,0.05204493091192899,9.422349103414962,9.626365271989574
9.475899985465226,9.50554947734232,0.04654995522290379,9.414311582162682,9.59678737252196
9.421899993179098,9.505155430798583,0.046494555190599196,9.414026125448093,9.596284736149073
9.387099979998569,9.471055773967466,0.04077211444048817,9.391142404558718,9.550969143376214
9.351199990287641,9.429520164318111,0.035622791348941876,9.359699498799774,9.499340829836449
9.357799993615822,9.394444208045194,0.03631948098979747,9.323258001401014,9.465630414689373
9.371400004841943,9.39344542186001,0.03668629298816634,9.321540264059392,9.46535057966063
9.308399981809064,9.404713778821044,0.03889438428007411,9.328480787794287,9.480946769847803
9.300500023689905,9.364738162969465,0.03487479481563594,9.296383556241828,9.433092769697103
9.332000011182044,9.360985951935007,0.03333745292829544,9.295644568820453,9.42632733504956
9.372899985942103,9.386919989954325,0.03770127755660194,9.313025476093424,9.460814503815229
9.366500008923103,9.439612579916941,0.042730941623473,9.355859935416028,9.523365224417855
9.37899999557023,9.44731207928955,0.042365808322960705,9.364275070591884,9.530349087987215
9.340599989310437,9.455977980092984,0.04030531931790263,9.376979552067708,9.53497640811826
9.361299997564792,9.425725526372531,0.03731825816586815,9.352581723790664,9.498869328954399
9.325599986114447,9.447269940670008,0.04031475185809499,9.368253013934899,9.526286867405117
9.366900013492865,9.404087705602546,0.03549935150029269,9.334508964769945,9.473666446435148
9.34610001610822,9.432703191672882,0.040286919708301026,9.353740848143929,9.511665535201836
9.309400017257769,9.421221066503934,0.04413895470599837,9.334708702787543,9.507733430220327
9.321499999335131,9.393803383907425,0.04058570990854917,9.314255376030024,9.473351391784826
9.303899990459987,9.402842718406497,0.034664368988250045,9.334900560835237,9.470784875977758
9.308200003548482,9.39740222382036,0.03804694817230471,9.322830224742203,9.471974222898517
9.328599996363366,9.40309420476303,0.03782086450838173,9.328965309846117,9.477223099679945
9.350299992017826,9.432498072212423,0.0342455023411405,9.365376872968966,9.499619271455881
9.37409999965139,9.458436482654067,0.04002791374634274,9.379981772552085,9.536891192756048
9.367599985453502,9.463238267240703,0.045702185777992926,9.373661988641425,9.552814545839981
9.369399981993132,9.471207511436692,0.03833721274962827,9.396066568921832,9.546348453951552
9.33229997857292,9.470524404533592,0.04391064579142828,9.384459517400767,9.556589291666416
9.405400008882948,9.443546030259164,0.04130629171424731,9.362585681922473,9.524506378595856
9.454000011550182,9.489670232870406,0.03910684916979386,9.413020804653723,9.566319661087089
9.429700010216564,9.54871638490735,0.04450742438096266,9.461481850778522,9.635950919036176
9.413300015050705,9.538422885930208,0.03818382661291851,9.463582583486579,9.613263188373836
9.389699985677725,9.511926631277762,0.04163831953144836,9.43031551274373,9.593537749811793
9.415900020729861,9.491430301025956,0.04051490129180427,9.412021105545197,9.570839496506714
9.473000012395197,9.50077200534575,0.042393241068792366,9.417681230268077,9.583862780423424
9.4208000166487,9.549277112033971,0.04665913064432798,9.457825208403435,9.640729015664508
9.429700010216564,9.52509478171433,0.046979497667652255,9.43301497901861,9.617174584410051
9.435099999835458,9.522046578722653,0.04799275248659699,9.427980783368437,9.61611237407687
9.429600021086273,9.53805560245498,0.04198618536742512,9.455762674329968,9.620348530579994
9.420599990339522,9.5337823043864,0.04543528483094526,9.444729130862317,9.622835477910483
9.399299999254822,9.527375120077854,0.04519689171708643,9.43878921915929,9.61596102099642
9.461100008578414,9.504551844323466,0.04826532917416155,9.409951796619557,9.599151892027374
9.462800015987755,9.550591000918073,0.0451269029295273,9.462142278743853,9.639039723092292
9.467499985597414,9.561741831010922,0.05331609858725098,9.457242282825014,9.666241379196832
9.443099995133506,9.540188816014588,0.05036252130122888,9.441478258888628,9.638899373140548
9.421899993179098,9.526069015066462,0.044362759064602665,9.439118015708345,9.61302001442458
9.3888999765382,9.509681944973188,0.04484578860688892,9.421784196060404,9.59757969388597
