timestamp,GBP_USD,GBP_EUR,GBP_JPY,GBP_KRW,GBP_CHF,target
27-Feb-26,1.3443,1.1386,209.8194,1936.1329,1.0337,9.2234
26-Feb-26,1.3515,1.1454,210.887,1933.7425,1.0456,9.246
25-Feb-26,1.3534,1.1468,211.6379,1929.8266,1.0467,9.2787
24-Feb-26,1.3515,1.148,210.7181,1948.0476,1.047,9.2968
23-Feb-26,1.3494,1.1441,208.3888,1947.6949,1.0447,9.2933
20-Feb-26,1.3501,1.1453,209.0697,1952.8791,1.0456,9.3133
19-Feb-26,1.3454,1.1437,208.537,1948.2334,1.0434,9.2807
18-Feb-26,1.3545,1.1457,208.9867,1959.0924,1.0448,9.3282
17-Feb-26,1.3503,1.1432,207.6685,1949.8353,1.0449,9.3048
16-Feb-26,1.3633,1.15,209.2112,1966.4745,1.0489,9.3876
13-Feb-26,1.3612,1.1484,208.4482,1965.4408,1.0486,9.3997
12-Feb-26,1.3654,1.1487,208.4215,1960.0317,1.0483,9.4101
11-Feb-26,1.3633,1.1496,209.4446,1976.8302,1.0532,9.4255
10-Feb-26,1.3674,1.1477,210.8736,1991.0301,1.0462,9.448
09-Feb-26,1.3678,1.1482,213.1707,1989.9532,1.0483,9.4582
06-Feb-26,1.3615,1.1519,213.5298,1993.0267,1.0554,9.4361
05-Feb-26,1.3528,1.1473,212.1664,1982.2173,1.0515,9.3832
04-Feb-26,1.3664,1.1583,214.0534,1992.1702,1.062,9.4839
03-Feb-26,1.3703,1.16,213.384,1983.842,1.0622,9.5015
02-Feb-26,1.3628,1.1557,212.148,1983.1171,1.0651,9.464
30-Jan-26,1.372,1.1534,211.5898,1982.7115,1.0566,9.5373
29-Jan-26,1.3764,1.1537,210.3269,1977.402,1.0571,9.5693
28-Jan-26,1.379,1.1546,211.6282,1977.8101,1.0609,9.577
27-Jan-26,1.3751,1.1507,210.728,1978.6346,1.056,9.5558
26-Jan-26,1.3708,1.1523,210.8488,1975.1822,1.061,9.5254
23-Jan-26,1.3564,1.1536,214.4672,1987.8991,1.0704,9.4435
22-Jan-26,1.3478,1.1486,213.4848,1976.6161,1.0658,9.3923
21-Jan-26,1.3428,1.1475,212.4499,1966.5514,1.0662,9.3443
20-Jan-26,1.3457,1.1475,212.5197,1987.0202,1.0634,9.3593
19-Jan-26,1.3422,1.1531,212.1548,1977.215,1.0698,9.3372
16-Jan-26,1.3378,1.1539,211.4594,1972.9272,1.0742,9.321
15-Jan-26,1.3387,1.1538,212.2296,1966.7981,1.0755,9.3201
14-Jan-26,1.3457,1.1541,212.7809,1972.8911,1.0748,9.3781
13-Jan-26,1.3442,1.1536,213.627,1984.9129,1.0752,9.3715
12-Jan-26,1.3475,1.1535,212.8646,1977.2002,1.0729,9.3834
09-Jan-26,1.3419,1.1527,211.8446,1959.148,1.0749,9.3581
08-Jan-26,1.3442,1.1521,210.8568,1952.7811,1.0735,9.3861
07-Jan-26,1.3481,1.1532,211.2192,1952.8122,1.0737,9.4213
06-Jan-26,1.3507,1.1549,211.4859,1955.5029,1.0736,9.4295
05-Jan-26,1.3503,1.1537,211.4232,1952.7498,1.0717,9.4399
02-Jan-26,1.3497,1.1486,211.3484,1949.5087,1.0668,9.4038
31-Dec-25,1.3451,1.1454,210.8377,1941.0667,1.0657,9.3889
30-Dec-25,1.3473,1.1457,210.6167,1941.3313,1.0654,9.4219
29-Dec-25,1.35,1.1472,210.5055,1937.088,1.0656,9.4431
24-Dec-25,1.3507,1.1468,210.4671,1954.488,1.0655,9.4675
23-Dec-25,1.3484,1.1451,210.8752,1999.7514,1.065,9.4628
22-Dec-25,1.3454,1.1437,211.1942,1991.8781,1.0659,9.4611
19-Dec-25,1.3362,1.1411,210.4102,1975.1905,1.0634,9.3993
18-Dec-25,1.3395,1.1422,208.3257,1975.8295,1.0634,9.4206
17-Dec-25,1.34,1.1401,208.2349,1976.4531,1.0647,9.4296
16-Dec-25,1.3417,1.1399,207.6539,1976.2505,1.0669,9.4351
15-Dec-25,1.3394,1.1387,207.8224,1965.884,1.0651,9.4297
12-Dec-25,1.3355,1.1377,208.1844,1974.7104,1.0627,9.4208
11-Dec-25,1.3435,1.1428,208.4776,1973.0641,1.066,9.473
10-Dec-25,1.3321,1.1442,208.447,1959.0395,1.0692,9.4159
09-Dec-25,1.3297,1.1434,208.5834,1955.3903,1.0731,9.3897
08-Dec-25,1.3312,1.1452,207.4742,1955.7658,1.0754,9.4133
05-Dec-25,1.3343,1.1454,207.149,1963.7091,1.0729,9.4297
04-Dec-25,1.3373,1.1456,206.7934,1969.4952,1.0711,9.454
03-Dec-25,1.3331,1.1434,206.9238,1952.8449,1.0672,9.4054
02-Dec-25,1.3201,1.1374,205.7706,1938.3688,1.062,9.3323
01-Dec-25,1.3252,1.1396,205.5385,1943.5648,1.0633,9.3694
28-Nov-25,1.3252,1.1417,206.7698,1943.2795,1.0638,9.3676
27-Nov-25,1.3252,1.143,207.1276,1937.7867,1.0671,9.3741
26-Nov-25,1.3226,1.1412,206.8745,1943.5871,1.0656,9.3503
25-Nov-25,1.3177,1.1396,205.751,1934.0071,1.0644,9.3286
24-Nov-25,1.3098,1.136,205.3766,1933.7232,1.0579,9.3082
21-Nov-25,1.3085,1.1375,204.8182,1930.0946,1.058,9.3039
20-Nov-25,1.3096,1.136,206.4898,1924.7439,1.0562,9.3215
19-Nov-25,1.308,1.1328,204.7085,1919.8497,1.0523,9.3094
18-Nov-25,1.3144,1.1348,204.0935,1922.3757,1.0496,9.3461
17-Nov-25,1.3177,1.1362,204.507,1924.3954,1.0482,9.3669
14-Nov-25,1.314,1.1314,202.9133,1910.076,1.0424,9.3256
13-Nov-25,1.3199,1.134,203.5352,1934.3135,1.0464,9.3613
12-Nov-25,1.313,1.1325,203.1736,1928.193,1.0467,9.3406
11-Nov-25,1.3173,1.136,202.8313,1926.6435,1.0535,9.379
10-Nov-25,1.3148,1.1388,202.5186,1914.3948,1.0604,9.3665
07-Nov-25,1.3152,1.1365,201.4021,1923.4529,1.0583,9.3729
06-Nov-25,1.3102,1.1354,200.5196,1900.5892,1.0573,9.332
05-Nov-25,1.3042,1.1361,201.2369,1883.2969,1.0579,9.3005
04-Nov-25,1.3046,1.1353,200.1137,1878.2785,1.0557,9.3084
03-Nov-25,1.3146,1.1407,202.5799,1882.0471,1.0615,9.3714
31-Oct-25,1.3139,1.1384,202.392,1876.8742,1.0546,9.3578
30-Oct-25,1.3147,1.1368,202.6862,1880.7777,1.0544,9.3512
29-Oct-25,1.3241,1.1353,201.1507,1881.5329,1.0537,9.3871
28-Oct-25,1.3278,1.1389,202.0105,1902.5064,1.0526,9.4219
27-Oct-25,1.3329,1.1455,204.047,1909.9124,1.0617,9.4759
24-Oct-25,1.3301,1.144,203.1917,1914.2944,1.0578,9.4801
23-Oct-25,1.3322,1.1471,203.3137,1914.0983,1.0596,9.4911
22-Oct-25,1.3355,1.1501,202.8415,1909.4665,1.0626,9.5204
21-Oct-25,1.3373,1.1523,203.1024,1914.472,1.0641,9.5269
20-Oct-25,1.3416,1.1512,202.0383,1906.2124,1.0609,9.5571
17-Oct-25,1.3392,1.1479,201.4492,1903.7933,1.0614,9.5476
16-Oct-25,1.3434,1.1505,202.5511,1900.1453,1.0681,9.5723
15-Oct-25,1.3365,1.1497,202.3461,1902.5946,1.0674,9.5312
14-Oct-25,1.3297,1.1469,201.895,1903.0667,1.0663,9.4978
13-Oct-25,1.3327,1.1526,203.0692,1902.6844,1.0732,9.5099
10-Oct-25,1.3302,1.1489,202.7956,1893.6727,1.0707,9.4909
09-Oct-25,1.3333,1.1513,204.0549,1894.686,1.0726,9.5128
08-Oct-25,1.3421,1.1547,204.6828,1910.3142,1.0744,9.5967
07-Oct-25,1.3431,1.1515,203.0499,1898.539,1.0719,9.5952
06-Oct-25,1.348,1.1505,202.1528,1900.1071,1.0721,9.629
03-Oct-25,1.3472,1.1475,198.6379,1894.0824,1.0714,9.6131
02-Oct-25,1.3421,1.1458,197.7316,1887.6435,1.0714,9.5768
01-Oct-25,1.3507,1.1498,198.3632,1893.1656,1.0766,9.6257
30-Sep-25,1.3462,1.1458,198.8203,1889.7821,1.0711,9.5949
29-Sep-25,1.3419,1.1439,199.4801,1877.9488,1.0702,9.5618
26-Sep-25,1.3402,1.1463,200.3591,1888.6533,1.0701,9.5704
25-Sep-25,1.3348,1.1432,199.732,1881.7973,1.0682,9.5353
24-Sep-25,1.3451,1.1454,200.0365,1887.4376,1.0685,9.6025
23-Sep-25,1.3525,1.1466,199.8448,1884.9637,1.0724,9.6212
22-Sep-25,1.3495,1.1466,199.5641,1878.9561,1.0711,9.6041
19-Sep-25,1.3483,1.1468,199.4001,1883.265,1.0719,9.5956
18-Sep-25,1.3552,1.1508,200.5899,1883.4569,1.0738,9.639
17-Sep-25,1.3659,1.1527,199.8926,1879.6765,1.0748,9.6924
16-Sep-25,1.3657,1.1523,200.1019,1885.7237,1.0756,9.7052
15-Sep-25,1.359,1.1559,200.3506,1884.2807,1.0801,9.6757
12-Sep-25,1.3559,1.1564,200.2184,1887.9466,1.0803,9.6614
11-Sep-25,1.3557,1.156,199.5455,1882.5928,1.079,9.6487
10-Sep-25,1.3551,1.1554,199.7485,1878.8055,1.0802,9.6436
09-Sep-25,1.354,1.1542,199.1593,1879.3638,1.0767,9.6409
08-Sep-25,1.3535,1.1524,199.9796,1877.7512,1.0744,9.6429
05-Sep-25,1.352,1.152,198.8522,1876.3191,1.0786,9.6342
04-Sep-25,1.3427,1.154,199.7132,1873.5633,1.083,9.5902
03-Sep-25,1.3434,1.1517,199.0375,1865.8057,1.0794,9.5921
02-Sep-25,1.3397,1.1487,198.3895,1865.4184,1.0754,9.5634
01-Sep-25,1.3548,1.1568,199.5479,1887.2751,1.0841,9.6653
29-Aug-25,1.3509,1.1543,198.36,1878.4149,1.0795,9.6225
28-Aug-25,1.3511,1.1577,198.5853,1871.5319,1.0835,9.6234
27-Aug-25,1.346,1.1611,199.0263,1879.1641,1.0821,9.6339
26-Aug-25,1.3479,1.1564,198.8011,1879.004,1.0835,9.6476
22-Aug-25,1.3525,1.1542,198.614,1867.7335,1.0841,9.6989
21-Aug-25,1.3427,1.156,198.9344,1882.5527,1.0849,9.6456
20-Aug-25,1.3472,1.1551,198.0317,1883.0959,1.0828,9.6735
19-Aug-25,1.3503,1.1568,199.4798,1876.9845,1.0886,9.7026
18-Aug-25,1.3516,1.1588,199.9699,1875.3197,1.0909,9.7146
15-Aug-25,1.356,1.1578,199.1286,1880.4737,1.0918,9.7433
14-Aug-25,1.3556,1.1625,199.9307,1884.4873,1.0941,9.7312
13-Aug-25,1.3572,1.158,199.712,1870.4252,1.0911,9.7413
12-Aug-25,1.3489,1.157,199.8456,1871.0977,1.0915,9.697
11-Aug-25,1.3408,1.1562,198.4913,1867.2759,1.0895,9.6454
08-Aug-25,1.3439,1.1529,198.6479,1868.18,1.0852,9.6627
07-Aug-25,1.3404,1.1531,197.6956,1858.5651,1.083,9.6318
06-Aug-25,1.3331,1.1465,196.4782,1849.8468,1.0764,9.5806
05-Aug-25,1.329,1.1491,195.9611,1844.971,1.0729,9.553
04-Aug-25,1.3294,1.1496,195.7268,1841.0966,1.0746,9.549
01-Aug-25,1.3263,1.1478,196.4258,1841.69,1.0696,9.5414
31-Jul-25,1.3232,1.1561,199.1142,1846.6212,1.0745,9.54
30-Jul-25,1.3291,1.1577,197.9362,1848.5189,1.0776,9.574
29-Jul-25,1.3328,1.1567,197.8875,1849.5532,1.076,9.5712
28-Jul-25,1.3412,1.1525,198.8664,1861.5722,1.0744,9.6287
25-Jul-25,1.343,1.145,198.4014,1856.9258,1.07,9.6239
24-Jul-25,1.3542,1.1509,198.7689,1854.5761,1.0764,9.684
23-Jul-25,1.356,1.1557,198.5461,1866.074,1.0764,9.7041
22-Jul-25,1.3501,1.1518,197.743,1866.2043,1.0742,9.683
21-Jul-25,1.3493,1.1536,198.9132,1867.1596,1.0765,9.6771
18-Jul-25,1.3442,1.1541,199.5801,1866.825,1.0755,9.6477
17-Jul-25,1.341,1.1572,199.1043,1866.361,1.0795,9.6379
16-Jul-25,1.3392,1.1552,198.8377,1866.664,1.0773,9.6268
15-Jul-25,1.3397,1.153,199.36,1856.1052,1.0725,9.6253
14-Jul-25,1.3447,1.151,198.3036,1859.5203,1.0714,9.6442
11-Jul-25,1.3505,1.1551,198.9827,1857.9504,1.0755,9.6837
10-Jul-25,1.3555,1.1605,198.5943,1862.0775,1.0809,9.7345
09-Jul-25,1.3588,1.1599,199.0234,1867.1407,1.0802,9.7634
08-Jul-25,1.3545,1.1584,198.989,1859.3686,1.0809,9.7294
07-Jul-25,1.3636,1.1616,198.8197,1864.3003,1.0867,9.7845
04-Jul-25,1.3643,1.1583,197.1755,1858.7632,1.0825,9.7756
03-Jul-25,1.3646,1.161,198.0039,1861.1915,1.0863,9.7842
02-Jul-25,1.3594,1.1552,195.7872,1848.5937,1.0786,9.7395
01-Jul-25,1.3718,1.1646,196.7779,1861.2445,1.0861,9.8258
30-Jun-25,1.3703,1.1674,197.9535,1854.7353,1.0908,9.8162
27-Jun-25,1.3715,1.1704,198.7098,1866.7212,1.0968,9.8387
26-Jun-25,1.3733,1.1729,198.3183,1860.3409,1.0984,9.8352
25-Jun-25,1.3624,1.1724,198.5085,1858.5179,1.098,9.7796
24-Jun-25,1.3623,1.1726,197.1721,1850.7869,1.097,9.7667
23-Jun-25,1.3489,1.1698,197.6942,1861.6153,1.0977,9.6868
20-Jun-25,1.3465,1.1695,196.4673,1847.3833,1.1012,9.6673
19-Jun-25,1.3427,1.1707,195.6308,1855.0724,1.0997,9.657
18-Jun-25,1.3452,1.169,194.7917,1845.527,1.1002,9.6749
17-Jun-25,1.3512,1.1723,196.174,1850.7386,1.1022,9.7112
16-Jun-25,1.3596,1.173,195.8572,1844.379,1.1024,9.7653
13-Jun-25,1.3576,1.1759,195.6569,1858.1737,1.1023,9.7545
12-Jun-25,1.3595,1.1737,195.4073,1843.822,1.1054,9.7522
11-Jun-25,1.3538,1.1792,196.0442,1855.4176,1.1098,9.7466
10-Jun-25,1.3515,1.183,195.6967,1847.9592,1.1108,9.7147
09-Jun-25,1.3545,1.1874,195.8882,1837.5283,1.113,9.7296
06-Jun-25,1.3527,1.1876,196.0057,1841.3219,1.1136,9.7296
05-Jun-25,1.3591,1.1862,194.9765,1841.1456,1.1143,9.7426
04-Jun-25,1.3577,1.1876,194.3412,1855.3581,1.1111,9.748
03-Jun-25,1.3529,1.1875,194.5128,1863.8756,1.1137,9.7238
02-Jun-25,1.3553,1.1852,193.3674,1865.7873,1.1069,9.7704
30-May-25,1.3482,1.1876,194.5183,1861.0553,1.1075,9.7097
29-May-25,1.3483,1.1879,194.7013,1850.6496,1.1116,9.6913
28-May-25,1.3471,1.1919,195.1274,1848.7196,1.113,9.6806
27-May-25,1.3521,1.1921,195.236,1856.6756,1.1179,9.7235
23-May-25,1.3496,1.1896,192.5407,1845.686,1.1083,9.6812
22-May-25,1.3424,1.1903,192.9834,1854.284,1.1126,9.6666
21-May-25,1.3437,1.1848,193.0489,1841.4387,1.1077,9.6743
20-May-25,1.3369,1.1864,193.2689,1862.0544,1.1112,9.6463
19-May-25,1.3367,1.1878,193.6811,1857.9328,1.1127,9.6448
16-May-25,1.3265,1.1893,193.6166,1858.6027,1.1134,9.5642
15-May-25,1.3279,1.187,193.6868,1858.0937,1.1114,9.5725
14-May-25,1.3305,1.1866,194.6648,1857.1485,1.1167,9.5854
13-May-25,1.326,1.188,196.0425,1882.9465,1.116,9.5471
12-May-25,1.3202,1.1881,195.633,1871.0288,1.1135,9.4981
09-May-25,1.3305,1.1808,192.9219,1861.0933,1.103,9.629
08-May-25,1.331,1.1801,193.015,1861.8694,1.1009,9.6338
07-May-25,1.3366,1.1757,191.5343,1859.816,1.0964,9.6445
06-May-25,1.3372,1.1791,191.0257,1844.0255,1.1019,9.6421
02-May-25,1.3321,1.1718,191.8496,1856.5242,1.0969,9.608
01-May-25,1.3296,1.1785,193.2567,1906.4152,1.1067,9.6773
30-Apr-25,1.3356,1.1749,190.4962,1903.7731,1.0975,9.7135
29-Apr-25,1.3389,1.1762,190.6192,1920.2236,1.1035,9.7335
28-Apr-25,1.3393,1.1768,191.3186,1923.096,1.1053,9.7584
25-Apr-25,1.3309,1.1707,191.6296,1917.7404,1.1042,9.7041
24-Apr-25,1.3315,1.1708,189.6983,1908.081,1.1008,9.7019
23-Apr-25,1.3275,1.1692,189.3408,1891.2645,1.0993,9.6717
22-Apr-25,1.3379,1.1656,188.2763,1906.2242,1.0891,9.7848
17-Apr-25,1.3233,1.166,188.1997,1873.8788,1.085,9.6656
16-Apr-25,1.3257,1.1646,188.9255,1877.2111,1.0809,9.6854
15-Apr-25,1.3245,1.1691,189.0393,1889.0085,1.0829,9.6949
14-Apr-25,1.3187,1.1601,188.9631,1874.4859,1.0776,9.6478
11-Apr-25,1.3059,1.1516,187.4358,1862.6705,1.064,9.5217
10-Apr-25,1.296,1.1586,187.4664,1879.1222,1.0802,9.48
09-Apr-25,1.2757,1.1555,184.6329,1879.4987,1.0722,9.4145
08-Apr-25,1.2757,1.169,187.9606,1883.4398,1.0951,9.4156
07-Apr-25,1.2755,1.1678,188.2319,1869.2453,1.098,9.3388
04-Apr-25,1.294,1.1779,188.3094,1888.9812,1.1079,9.4366
03-Apr-25,1.3168,1.1843,191.5088,1912.3426,1.127,9.5863
02-Apr-25,1.2966,1.1941,194.0945,1894.9226,1.1439,9.4332
01-Apr-25,1.2923,1.1957,192.9135,1901.6816,1.1407,9.4083
31-Mar-25,1.291,1.1951,193.0164,1902.8797,1.142,9.3795
28-Mar-25,1.2941,1.1955,194.4654,1901.6046,1.1401,9.4087
27-Mar-25,1.2963,1.2003,195.7013,1897.7748,1.143,9.4198
26-Mar-25,1.2887,1.1954,194.1802,1891.0681,1.139,9.3805
25-Mar-25,1.2948,1.1985,193.9082,1897.3914,1.1418,9.4073
24-Mar-25,1.2911,1.1962,194.5946,1894.1083,1.1418,9.3788
21-Mar-25,1.2893,1.1931,192.1003,1890.9607,1.139,9.3566
20-Mar-25,1.2972,1.196,193.0808,1904.2357,1.145,9.4104
19-Mar-25,1.2967,1.192,194.5374,1896.1709,1.1411,9.3848
18-Mar-25,1.2985,1.1884,194.1193,1884.7922,1.1392,9.3884
17-Mar-25,1.2985,1.1889,192.8987,1876.2611,1.1442,9.3852
14-Mar-25,1.2915,1.188,191.8136,1875.3097,1.1436,9.3509
13-Mar-25,1.2943,1.192,191.1811,1884.5202,1.1454,9.3777
12-Mar-25,1.2968,1.1871,192.3414,1882.8239,1.1448,9.3897
11-Mar-25,1.2946,1.1848,190.947,1881.4616,1.1393,9.3572
10-Mar-25,1.2904,1.1906,189.8815,1879.9367,1.1372,9.3684
07-Mar-25,1.2924,1.1889,190.6475,1871.5877,1.1358,9.3566
06-Mar-25,1.2891,1.1917,191.0962,1864.5542,1.1423,9.3377
05-Mar-25,1.2868,1.1953,191.6164,1861.2839,1.1433,9.3135
04-Mar-25,1.2716,1.208,188.6726,1855.0198,1.1321,9.2429
03-Mar-25,1.2699,1.2112,190.7834,1849.8506,1.1408,9.2666
28-Feb-25,1.2592,1.2108,189.7375,1839.865,1.1362,9.1829
27-Feb-25,1.2628,1.2125,189.343,1829.3712,1.1355,9.2146
26-Feb-25,1.2695,1.2084,189.7776,1821.2247,1.1346,9.214
25-Feb-25,1.2655,1.2054,188.647,1813.643,1.1307,9.1803
24-Feb-25,1.2621,1.2055,188.4178,1803.4505,1.1319,9.1487
21-Feb-25,1.2638,1.209,189.0151,1812.8664,1.137,9.1627
20-Feb-25,1.2641,1.2068,188.9956,1814.1099,1.1373,9.1543
19-Feb-25,1.259,1.2078,190.6441,1814.0301,1.1378,9.171
18-Feb-25,1.2615,1.2053,191.3128,1817.6954,1.1374,9.1847
17-Feb-25,1.2607,1.2029,190.8183,1819.2377,1.1359,9.1601
14-Feb-25,1.2618,1.2007,191.9703,1815.3327,1.1328,9.1512
13-Feb-25,1.2523,1.2003,191.771,1812.0092,1.1335,9.1296
12-Feb-25,1.2434,1.1985,192.0369,1808.3699,1.1357,9.098
11-Feb-25,1.2406,1.1998,189.1777,1802.7673,1.1329,9.068
10-Feb-25,1.239,1.2011,187.8372,1796.4465,1.1279,9.0538
07-Feb-25,1.2424,1.1997,188.0869,1802.4429,1.1297,9.0764
06-Feb-25,1.2414,1.1973,188.3218,1795.3043,1.1237,9.0504
05-Feb-25,1.2518,1.2011,190.4426,1806.072,1.1272,9.1054
04-Feb-25,1.2477,1.2019,192.9865,1808.8617,1.1302,9.0803
03-Feb-25,1.2412,1.2031,192.0369,1815.0391,1.1315,9.0976
31-Jan-25,1.2426,1.1952,192.3778,1805.0772,1.1284,9.0596
30-Jan-25,1.2467,1.1951,192.1601,1797.6853,1.1311,9.0618
29-Jan-25,1.2434,1.1933,192.7457,1793.6045,1.1271,9.0296
28-Jan-25,1.2432,1.1926,193.5849,1799.849,1.1261,9.0491
27-Jan-25,1.2473,1.188,192.5145,1790.8172,1.1234,9.0398
24-Jan-25,1.2484,1.1871,194.4133,1783.0148,1.1294,9.0389
23-Jan-25,1.2324,1.1852,192.4746,1771.3121,1.1205,8.9882
22-Jan-25,1.2318,1.1822,192.6597,1767.2573,1.1169,8.9705
21-Jan-25,1.2299,1.1825,191.0465,1769.5248,1.1163,8.9435
20-Jan-25,1.2293,1.1819,191.3819,1771.2693,1.1165,8.9432
17-Jan-25,1.2198,1.1844,190.423,1776.4862,1.1145,8.9508
16-Jan-25,1.2235,1.1877,190.1547,1782.6401,1.1155,8.9861
15-Jan-25,1.2258,1.1894,191.5864,1784.5993,1.1176,9.0037
14-Jan-25,1.2201,1.1851,192.7191,1778.9,1.1157,8.9616
13-Jan-25,1.2152,1.1918,191.4104,1783.3298,1.1174,8.9352
10-Jan-25,1.223,1.1931,192.6898,1800.5556,1.1208,8.9978
09-Jan-25,1.2303,1.1945,194.3566,1796.7978,1.1223,9.0519
08-Jan-25,1.2342,1.1982,195.4894,1802.4452,1.1247,9.0751
07-Jan-25,1.2498,1.2049,197.3918,1816.7303,1.1346,9.1737
06-Jan-25,1.2508,1.2034,197.0385,1827.4251,1.1318,9.1971
03-Jan-25,1.2404,1.2058,195.2468,1823.4305,1.1296,9.1302
02-Jan-25,1.2375,1.2045,194.4917,1819.9356,1.1271,9.0818
31-Dec-24,1.2529,1.2099,196.9167,1851.2362,1.1355,9.198
30-Dec-24,1.2511,1.2053,196.6558,1845.0959,1.1342,9.1567
27-Dec-24,1.2577,1.2068,198.1742,1851.3363,1.1337,9.176
24-Dec-24,1.2539,1.2066,197.2949,1828.7755,1.1296,9.1612
23-Dec-24,1.2519,1.2047,196.7032,1818.0367,1.1267,9.151
20-Dec-24,1.2541,1.2062,196.2651,1814.0523,1.1219,9.1514
19-Dec-24,1.2551,1.209,197.9402,1815.6055,1.1268,9.176
18-Dec-24,1.2693,1.2118,195.4962,1825.4544,1.1334,9.2629
17-Dec-24,1.2711,1.2106,195.1252,1827.1979,1.1368,9.263
16-Dec-24,1.2691,1.2079,195.746,1825.5242,1.1326,9.255
13-Dec-24,1.2614,1.2026,193.8407,1809.2662,1.1272,9.1805
12-Dec-24,1.269,1.2116,193.2484,1814.5478,1.1278,9.2314
11-Dec-24,1.2744,1.2148,194.295,1822.5513,1.1268,9.2722
10-Dec-24,1.2738,1.2127,193.7832,1823.8459,1.124,9.2515
09-Dec-24,1.2796,1.2081,193.244,1827.9651,1.1213,9.2885
06-Dec-24,1.2743,1.2064,190.9805,1812.6291,1.1178,9.2761
05-Dec-24,1.2757,1.2066,191.6803,1806.4422,1.1224,9.2706
04-Dec-24,1.2708,1.207,191.122,1797.0573,1.1231,9.2463
03-Dec-24,1.2662,1.204,188.8537,1810.1215,1.1208,9.2432
02-Dec-24,1.2629,1.2062,189.2633,1776.2301,1.1212,9.2101
29-Nov-24,1.2708,1.2033,190.8563,1777.2265,1.1197,9.2142
28-Nov-24,1.2682,1.2019,192.1894,1769.1073,1.1201,9.1925
27-Nov-24,1.2677,1.1993,191.5621,1764.7905,1.117,9.1892
26-Nov-24,1.2563,1.1988,192.8044,1754.3413,1.115,9.1193
25-Nov-24,1.2551,1.1966,193.7561,1759.1356,1.1139,9.0982
22-Nov-24,1.2527,1.2033,194.0432,1760.8452,1.1195,9.0936
21-Nov-24,1.2618,1.2005,194.7196,1764.8413,1.1165,9.1445
20-Nov-24,1.2653,1.2026,196.8189,1770.6485,1.1205,9.1761
19-Nov-24,1.2665,1.1963,194.9903,1763.3353,1.1171,9.1635
18-Nov-24,1.264,1.1954,195.9137,1761.3271,1.1196,9.1488
15-Nov-24,1.2629,1.1987,195.6786,1765.4706,1.1213,9.1386
14-Nov-24,1.2708,1.2016,198.1798,1780.3652,1.1279,9.2016
13-Nov-24,1.2724,1.2017,197.2107,1785.0501,1.1241,9.2101
12-Nov-24,1.2764,1.203,197.228,1796.2457,1.1261,9.2498
11-Nov-24,1.287,1.2087,198.0166,1803.7505,1.1324,9.3069
08-Nov-24,1.2939,1.2037,197.2151,1803.7175,1.1302,9.3087
07-Nov-24,1.2996,1.2021,198.801,1796.1748,1.1328,9.2833
06-Nov-24,1.289,1.2006,198.9559,1802.7448,1.1282,9.2737
05-Nov-24,1.3002,1.1926,197.6889,1794.185,1.1238,9.2406
04-Nov-24,1.2981,1.1909,197.2971,1785.5197,1.1199,9.2223
01-Nov-24,1.296,1.1946,198.2091,1784.8925,1.1279,9.2439
31-Oct-24,1.2856,1.1842,195.8728,1771.3851,1.1117,9.1632
30-Oct-24,1.3012,1.1977,199.2776,1793.837,1.1274,9.2788
29-Oct-24,1.3005,1.2044,199.6126,1797.7161,1.1294,9.292
28-Oct-24,1.2981,1.1998,198.8807,1798.8182,1.1239,9.2705
25-Oct-24,1.2991,1.1994,197.5011,1804.1856,1.1253,9.2609
24-Oct-24,1.2961,1.2003,196.9154,1791.018,1.1227,9.2382
23-Oct-24,1.2948,1.2016,198.1291,1789.7718,1.1226,9.2452
22-Oct-24,1.2975,1.2003,195.8825,1788.6905,1.1227,9.2561
21-Oct-24,1.3002,1.1999,195.328,1795.5397,1.1247,9.2743
18-Oct-24,1.3036,1.2006,195.0176,1784.6903,1.1279,9.2786
17-Oct-24,1.2997,1.2003,195.008,1782.1132,1.1243,9.2746
16-Oct-24,1.3009,1.1957,194.6862,1774.6097,1.1242,9.2821
15-Oct-24,1.3094,1.201,195.4008,1783.4198,1.1287,9.3431
14-Oct-24,1.3057,1.1965,195.6601,1774.129,1.1271,9.2629
11-Oct-24,1.3075,1.1948,195.1565,1767.4894,1.1209,9.2501
10-Oct-24,1.3049,1.1946,194.0508,1764.6596,1.1198,9.2571
09-Oct-24,1.3072,1.194,194.9754,1761.0337,1.1232,9.27
08-Oct-24,1.3093,1.1935,194.2019,1762.7564,1.1231,9.2412
07-Oct-24,1.3079,1.1917,193.8561,1757.855,1.1196,9.2379
04-Oct-24,1.3113,1.1954,194.7272,1767.7814,1.126,9.3023
03-Oct-24,1.3108,1.1898,192.3853,1751.4438,1.1185,9.2435
02-Oct-24,1.3251,1.2006,193.7157,1754.7836,1.127,9.3207
01-Oct-24,1.3289,1.1997,190.8295,1756.6998,1.1231,9.3463
30-Sep-24,1.3413,1.202,191.8457,1762.2147,1.1315,9.3872
27-Sep-24,1.3408,1.1994,191.5462,1753.8083,1.1287,9.3579
26-Sep-24,1.3396,1.1996,194.0137,1768.7686,1.1355,9.3509
25-Sep-24,1.3375,1.1971,193.081,1781.6171,1.1353,9.4015
24-Sep-24,1.339,1.2007,192.3736,1781.1449,1.1326,9.3995
23-Sep-24,1.335,1.1992,191.9468,1782.7724,1.1318,9.4188
20-Sep-24,1.3281,1.1917,191.7903,1774.5338,1.1293,9.3649
19-Sep-24,1.325,1.1905,189.3685,1763.1971,1.1239,9.3716
18-Sep-24,1.3212,1.1884,187.6099,1748.0598,1.1174,9.3584
17-Sep-24,1.3188,1.1854,186.8603,1740.5258,1.1163,9.3733
16-Sep-24,1.32,1.1865,185.3804,1743.2052,1.1157,9.3668
13-Sep-24,1.3155,1.1863,185.0115,1749.0223,1.1152,9.3377
12-Sep-24,1.3079,1.1847,186.3621,1755.0824,1.1166,9.3252
11-Sep-24,1.3015,1.1821,184.0777,1746.164,1.1044,9.2724
10-Sep-24,1.3057,1.185,186.3358,1753.8666,1.1067,9.3141
09-Sep-24,1.3079,1.1845,186.676,1756.7041,1.1083,9.3084
06-Sep-24,1.316,1.1854,187.4505,1754.8456,1.1089,9.3305
05-Sep-24,1.3158,1.1876,189.3562,1758.3946,1.1162,9.3331
04-Sep-24,1.3161,1.1866,189.6757,1756.0055,1.1157,9.3576
03-Sep-24,1.3095,1.1858,190.6101,1755.4225,1.1128,9.3249
02-Sep-24,1.3152,1.1881,193.281,1760.7557,1.1193,9.3601
30-Aug-24,1.3144,1.1875,191.3628,1754.6573,1.115,9.3141
29-Aug-24,1.3155,1.1884,191.2086,1754.9503,1.1163,9.3322
28-Aug-24,1.3213,1.1871,190.9153,1764.7092,1.1126,9.4167
27-Aug-24,1.3235,1.1852,190.9143,1761.0157,1.1156,9.435
23-Aug-24,1.3189,1.1801,191.5432,1753.8595,1.1197,9.3956
22-Aug-24,1.3103,1.1788,191.6044,1758.8927,1.1167,9.3614
21-Aug-24,1.3061,1.174,190.2262,1744.9285,1.1145,9.3157
20-Aug-24,1.3031,1.1727,189.7306,1735.2456,1.117,9.2874
19-Aug-24,1.2986,1.1736,190.0769,1730.6784,1.1213,9.2666
16-Aug-24,1.289,1.1728,190.7784,1747.5811,1.1193,9.2432
15-Aug-24,1.2853,1.1702,191.5472,1752.1813,1.1196,9.2287
14-Aug-24,1.2856,1.1649,188.6737,1741.451,1.1099,9.1705
13-Aug-24,1.2824,1.1706,188.5137,1754.6545,1.1099,9.1777
12-Aug-24,1.2785,1.1695,189.0508,1752.3586,1.11,9.1838
09-Aug-24,1.2764,1.1686,187.0427,1742.0327,1.1037,9.1519
08-Aug-24,1.2715,1.1658,187.2782,1751.9818,1.0996,9.1308
07-Aug-24,1.2721,1.1637,187.3612,1747.6555,1.0999,9.1332
06-Aug-24,1.2706,1.162,183.6008,1750.208,1.0832,9.0872
05-Aug-24,1.2759,1.1621,182.0135,1745.0165,1.0831,9.067
02-Aug-24,1.2807,1.1725,187.8521,1738.8474,1.1002,9.1549
01-Aug-24,1.2793,1.1854,191.9579,1747.0781,1.118,9.2762
31-Jul-24,1.2844,1.1869,193.2176,1761.1072,1.1303,9.2814
30-Jul-24,1.2828,1.1872,198.3196,1776.5446,1.1366,9.3165
29-Jul-24,1.2847,1.1878,197.8939,1775.0394,1.1387,9.3348
26-Jul-24,1.2853,1.184,197.3,1778.4182,1.1349,9.3279
25-Jul-24,1.2877,1.1862,197.841,1779.6353,1.1329,9.307
24-Jul-24,1.2918,1.1902,198.0006,1782.5161,1.1417,9.3839
23-Jul-24,1.2908,1.1902,201.3454,1789.2037,1.1518,9.4094
22-Jul-24,1.2913,1.1863,202.5727,1792.4858,1.1485,9.4206
19-Jul-24,1.2917,1.1861,203.2425,1794.6492,1.1478,9.4079
18-Jul-24,1.2978,1.1891,203.4366,1793.3844,1.1475,9.4358
17-Jul-24,1.3014,1.1903,203.6678,1796.3835,1.1534,9.4678
16-Jul-24,1.2948,1.1901,205.3409,1794.4717,1.1602,9.4398
15-Jul-24,1.2984,1.1893,204.964,1795.9232,1.162,9.4407
12-Jul-24,1.2989,1.1907,204.856,1786.0979,1.1616,9.4414
11-Jul-24,1.2924,1.188,204.9165,1773.6768,1.155,9.3911
10-Jul-24,1.283,1.1854,207.4162,1776.4225,1.1541,9.3563
09-Jul-24,1.2797,1.1832,206.4988,1770.337,1.1488,9.3324
08-Jul-24,1.2833,1.1844,206.1172,1773.7644,1.1511,9.3513
05-Jul-24,1.2798,1.1824,206.003,1767.4166,1.1493,9.3306
04-Jul-24,1.2762,1.1808,205.5512,1761.6218,1.1486,9.3098
03-Jul-24,1.2762,1.181,205.8957,1766.0694,1.15,9.3117
02-Jul-24,1.2676,1.1799,204.6477,1757.8189,1.145,9.2613
01-Jul-24,1.2647,1.1786,204.437,1749.9278,1.1432,9.2374
28-Jun-24,1.2642,1.1796,203.3356,1742.4336,1.1364,9.2302
27-Jun-24,1.2651,1.1809,203.1607,1753.4162,1.1347,9.2361
26-Jun-24,1.2623,1.1819,202.7569,1757.4435,1.1324,9.2137
25-Jun-24,1.2672,1.1841,202.3575,1762.8971,1.1335,9.2371
24-Jun-24,1.2688,1.1824,202.6511,1760.8728,1.1341,9.2416
21-Jun-24,1.2626,1.182,201.4794,1755.7463,1.1282,9.2061
20-Jun-24,1.2686,1.1831,201.3506,1762.6693,1.1294,9.2464
19-Jun-24,1.2732,1.1845,201.0495,1760.0217,1.126,9.2686
18-Jun-24,1.269,1.1817,200.4624,1753.2194,1.1224,9.2297
17-Jun-24,1.268,1.1833,200.1601,1753.5426,1.1312,9.2209
14-Jun-24,1.2667,1.1852,199.3596,1755.5449,1.128,9.2144
13-Jun-24,1.2767,1.1852,200.3717,1757.2052,1.1418,9.2787
12-Jun-24,1.2843,1.1839,200.0669,1755.5954,1.1441,9.3144
11-Jun-24,1.2712,1.1855,199.9788,1754.542,1.1429,9.2466
10-Jun-24,1.2717,1.1847,199.5361,1750.1072,1.1408,9.2432
07-Jun-24,1.2724,1.1767,199.5999,1754.2589,1.1408,9.2424
06-Jun-24,1.2773,1.1742,199.2907,1744.8684,1.1396,9.2778
05-Jun-24,1.276,1.1742,199.4501,1752.0963,1.1415,9.2615
04-Jun-24,1.278,1.1746,197.9481,1757.5135,1.1379,9.2602
03-Jun-24,1.2772,1.175,199.505,1755.4475,1.1455,9.2669
31-May-24,1.2731,1.1727,200.074,1762.2059,1.1486,9.2525
30-May-24,1.2739,1.1751,199.4785,1751.6584,1.1513,9.239
29-May-24,1.2715,1.1757,200.2549,1742.2029,1.161,9.2465
28-May-24,1.2777,1.1749,200.4264,1736.1643,1.1631,9.2808
24-May-24,1.2738,1.1744,199.9675,1741.1317,1.1649,9.2505
23-May-24,1.2712,1.1743,199.5642,1736.9121,1.1614,9.227
22-May-24,1.2724,1.1745,199.1702,1739.6873,1.1635,9.2308
21-May-24,1.2723,1.1715,198.4088,1734.3803,1.157,9.2204
20-May-24,1.2708,1.1696,198.3274,1729.3872,1.155,9.2069
17-May-24,1.2698,1.1675,197.346,1717.8997,1.1517,9.1801
16-May-24,1.2668,1.1654,196.7404,1706.538,1.1456,9.153
15-May-24,1.2649,1.1649,196.4579,1716.1594,1.1445,9.1359
14-May-24,1.2589,1.1629,196.8778,1718.6135,1.1408,9.1118
13-May-24,1.2563,1.1628,195.8682,1716.2448,1.1383,9.0931
10-May-24,1.2508,1.162,194.9685,1712.7767,1.1352,9.0464
09-May-24,1.2512,1.1611,194.6429,1709.0579,1.1345,9.0387
08-May-24,1.2493,1.1622,194.3801,1704.8505,1.1345,9.0324
07-May-24,1.2554,1.1647,193.8574,1704.1816,1.1382,9.0679
03-May-24,1.2546,1.1653,191.8221,1700.8738,1.135,9.0185
02-May-24,1.2485,1.1681,192.4126,1714.1031,1.1405,9.0275
01-May-24,1.2492,1.1693,196.9551,1729.6111,1.1483,9.0476
30-Apr-24,1.252,1.171,196.9881,1733.7066,1.148,9.0803
29-Apr-24,1.2548,1.1713,196.6209,1726.1531,1.1429,9.0918
26-Apr-24,1.2462,1.1669,195.9836,1714.8584,1.1395,9.054
25-Apr-24,1.2489,1.1659,194.2976,1718.63,1.141,9.068
24-Apr-24,1.2433,1.1633,192.7177,1711.0792,1.1362,9.0405
23-Apr-24,1.2433,1.1621,192.4566,1707.5047,1.1319,9.0272
22-Apr-24,1.2331,1.1584,190.8037,1700.2106,1.1237,8.9407
19-Apr-24,1.2434,1.1653,192.2234,1710.7132,1.1307,9.0122
18-Apr-24,1.2444,1.168,192.4278,1714.7085,1.135,9.0229
17-Apr-24,1.245,1.1706,192.5455,1723.0053,1.1367,9.0309
16-Apr-24,1.2442,1.1702,192.3595,1733.2142,1.1357,9.041
15-Apr-24,1.2451,1.1716,192.1625,1729.3443,1.138,9.0412
12-Apr-24,1.2435,1.1698,190.1622,1721.5511,1.1326,9.0357
11-Apr-24,1.252,1.1695,191.8926,1714.0322,1.1409,9.0891
10-Apr-24,1.2566,1.1685,191.9694,1714.2798,1.1459,9.1176
09-Apr-24,1.2675,1.1674,192.2151,1714.4226,1.1452,9.1782
08-Apr-24,1.2647,1.1653,192.0004,1712.0623,1.1444,9.1609
05-Apr-24,1.2615,1.166,191.1488,1709.0676,1.1376,9.1483
04-Apr-24,1.2668,1.1657,192.1292,1704.3971,1.1463,9.1771
03-Apr-24,1.2619,1.1659,191.5375,1701.6343,1.143,9.1535
02-Apr-24,1.2567,1.1673,190.4969,1698.7065,1.1388,9.1184
28-Mar-24,1.2632,1.1694,191.179,1704.1768,1.1378,9.1722
27-Mar-24,1.2629,1.1671,191.1336,1706.0895,1.1437,9.1629
26-Mar-24,1.2628,1.1662,191.4215,1697.3926,1.14,9.1531
25-Mar-24,1.2645,1.1668,191.4769,1695.8842,1.136,9.1648
22-Mar-24,1.2601,1.165,190.735,1693.2153,1.1319,9.1621
21-Mar-24,1.2668,1.1664,192.0405,1690.9373,1.1392,9.1503
20-Mar-24,1.2711,1.171,192.7687,1702.702,1.1328,9.1753
19-Mar-24,1.2711,1.1706,191.5993,1701.2657,1.129,9.1696
18-Mar-24,1.2733,1.1698,189.8936,1699.9765,1.1284,9.1765
15-Mar-24,1.274,1.1701,189.998,1696.3055,1.1258,9.1804
14-Mar-24,1.2747,1.1707,188.9042,1686.9954,1.1262,9.1764
13-Mar-24,1.2797,1.1693,189.0565,1682.588,1.1236,9.2057
12-Mar-24,1.2784,1.171,188.8133,1677.6891,1.1228,9.1888
11-Mar-24,1.2805,1.1719,188.0606,1680.4258,1.1247,9.1975
08-Mar-24,1.2881,1.1752,189.3958,1693.3749,1.1275,9.2678
07-Mar-24,1.2789,1.1701,189.4626,1694.8431,1.1242,9.2127
06-Mar-24,1.2743,1.1685,190.3358,1695.8257,1.1237,9.1864
05-Mar-24,1.2732,1.1712,190.9609,1698.8817,1.1239,9.1791
04-Mar-24,1.2698,1.1689,191.0859,1690.9165,1.1234,9.1537
01-Mar-24,1.2652,1.1677,189.9457,1687.3374,1.1198,9.123
29-Feb-24,1.265,1.1688,189.3009,1687.2254,1.1141,9.1145
28-Feb-24,1.2653,1.168,190.8262,1691.4277,1.1136,9.1315
27-Feb-24,1.2683,1.1692,190.7892,1688.8588,1.1152,9.1469
26-Feb-24,1.2684,1.1689,191.2176,1690.2064,1.1169,9.1471
23-Feb-24,1.2677,1.1715,190.8205,1687.5179,1.1168,9.1366
22-Feb-24,1.2621,1.1675,189.9599,1676.8672,1.1132,9.0913
21-Feb-24,1.2612,1.1672,189.5016,1683.1723,1.111,9.0801
20-Feb-24,1.2662,1.17,189.6578,1687.7116,1.1143,9.1168
19-Feb-24,1.2587,1.1689,189.0127,1680.4022,1.1102,9.0777
16-Feb-24,1.2584,1.1683,189.0557,1678.6804,1.1085,9.08
15-Feb-24,1.2585,1.1694,188.8442,1676.7373,1.1078,9.0857
14-Feb-24,1.2549,1.1705,189.0193,1673.0013,1.1125,9.0664
13-Feb-24,1.2601,1.1758,189.7648,1687.9859,1.117,9.1071
12-Feb-24,1.2615,1.1717,188.5576,1677.2181,1.1054,9.103
09-Feb-24,1.2632,1.1712,188.6348,1683.129,1.1053,9.1174
08-Feb-24,1.2605,1.1713,188.3806,1678.3333,1.1025,9.094
07-Feb-24,1.2632,1.1743,186.8841,1677.2706,1.1013,9.109
06-Feb-24,1.2577,1.1707,186.2591,1669.754,1.0948,9.0541
05-Feb-24,1.2521,1.1675,186.3989,1673.5777,1.0912,9.0432
02-Feb-24,1.2657,1.1717,187.6769,1683.4347,1.0955,9.1283
01-Feb-24,1.2682,1.1714,185.5567,1688.1391,1.0926,9.1205
31-Jan-24,1.2733,1.1723,186.1301,1695.4724,1.0925,9.1344
30-Jan-24,1.2666,1.1688,187.2605,1686.9402,1.0937,9.1096
29-Jan-24,1.2678,1.1742,187.2097,1691.1628,1.0953,9.1136
26-Jan-24,1.2723,1.1711,188.4011,1697.9957,1.0981,9.1443
25-Jan-24,1.27,1.1725,187.4203,1696.955,1.1022,9.1209
24-Jan-24,1.2753,1.1699,187.399,1697.6156,1.1008,9.1235
23-Jan-24,1.2666,1.1694,188.0711,1696.4144,1.1038,9.0861
22-Jan-24,1.2721,1.1687,188.0863,1704.7857,1.1057,9.1598
19-Jan-24,1.268,1.1652,187.8045,1694.9771,1.1019,9.1388
18-Jan-24,1.2672,1.1677,187.76,1698.0127,1.101,9.151
17-Jan-24,1.2658,1.1667,187.889,1706.3617,1.099,9.1481
16-Jan-24,1.2665,1.1635,185.8092,1692.7314,1.0883,9.1354
15-Jan-24,1.2731,1.1626,185.6116,1682.7772,1.0887,9.144
12-Jan-24,1.2761,1.1637,184.6708,1671.6272,1.0859,9.1694
11-Jan-24,1.2714,1.1615,185.5672,1676.0421,1.0867,9.1238
10-Jan-24,1.2736,1.1612,185.4553,1680.0185,1.0842,9.1522
09-Jan-24,1.2704,1.1636,183.3378,1678.1603,1.0828,9.129
08-Jan-24,1.275,1.1623,183.5354,1675.9345,1.0791,9.1327
05-Jan-24,1.2752,1.1615,183.801,1670.4419,1.0803,9.1167
04-Jan-24,1.2699,1.1591,183.7101,1668.7756,1.079,9.1105
03-Jan-24,1.2628,1.158,181.3444,1657.8607,1.0765,9.0561
02-Jan-24,1.2625,1.1536,179.1929,1657.2964,1.0714,9.0299
29-Dec-23,1.2747,1.1539,179.7391,1652.9354,1.0727,9.0761
28-Dec-23,1.277,1.1497,179.9038,1643.1989,1.0677,9.084
27-Dec-23,1.2789,1.1514,181.866,1653.3875,1.0821,9.1392
22-Dec-23,1.2716,1.1548,181.0313,1651.7512,1.088,9.098
21-Dec-23,1.2656,1.1515,179.9169,1644.0444,1.0843,9.0425
20-Dec-23,1.2668,1.1544,182.0202,1646.1686,1.0908,9.0507
19-Dec-23,1.2739,1.1596,183.1932,1658.5987,1.0951,9.0727
18-Dec-23,1.2645,1.1586,180.9563,1649.6098,1.0975,9.034
15-Dec-23,1.2699,1.1633,180.002,1649.2509,1.1009,9.0508
14-Dec-23,1.276,1.1606,180.822,1648.0497,1.1051,9.0759
13-Dec-23,1.2526,1.1603,181.8139,1650.673,1.0974,9.0007
12-Dec-23,1.2561,1.1648,182.9447,1652.4624,1.1007,9.0371
11-Dec-23,1.2551,1.1681,183.7655,1655.9727,1.1036,9.0305
08-Dec-23,1.2547,1.1652,181.3157,1648.7042,1.1037,9.0067
07-Dec-23,1.2574,1.166,181.1096,1653.9588,1.1021,9.0029
06-Dec-23,1.2593,1.1671,185.4004,1654.865,1.1001,9.028
05-Dec-23,1.2613,1.1672,185.5362,1659.6852,1.1025,9.0338
04-Dec-23,1.2612,1.1661,185.5341,1653.2352,1.1022,9.0216
01-Dec-23,1.2635,1.1658,186.4863,1648.3937,1.1021,9.0264
30-Nov-23,1.2656,1.1601,187.119,1642.9387,1.1009,9.0313
29-Nov-23,1.2697,1.1569,187.1284,1640.973,1.0975,9.0542
28-Nov-23,1.2683,1.1549,187.5562,1636.6714,1.1141,9.0637
27-Nov-23,1.2607,1.1531,187.7687,1640.322,1.1108,9.0175
24-Nov-23,1.2608,1.153,188.6031,1644.6884,1.1124,9.0132
23-Nov-23,1.2531,1.1491,187.4888,1631.3608,1.1074,8.954
22-Nov-23,1.246,1.1467,186.4639,1626.0674,1.1035,8.9151
21-Nov-23,1.2533,1.1472,185.3881,1619.5707,1.1068,8.9425
20-Nov-23,1.2493,1.142,185.3337,1611.8406,1.1045,8.955
17-Nov-23,1.2433,1.1418,185.9355,1610.1481,1.1021,8.9666
16-Nov-23,1.2444,1.1438,187.0955,1604.604,1.1039,9.0114
15-Nov-23,1.2444,1.1453,187.7924,1619.0142,1.1028,9.0183
14-Nov-23,1.2455,1.1494,187.8463,1627.8373,1.1112,9.0336
13-Nov-23,1.2253,1.1463,185.878,1622.7996,1.1058,8.9333
10-Nov-23,1.2198,1.1431,184.7753,1610.5751,1.1016,8.8915
09-Nov-23,1.2287,1.1467,185.4723,1609.8489,1.1051,8.9492
08-Nov-23,1.2296,1.1478,185.436,1611.6183,1.1045,8.9515
07-Nov-23,1.2305,1.1512,185.1779,1605.581,1.1077,8.9566
06-Nov-23,1.2397,1.1535,185.5831,1606.0685,1.1118,9.012
03-Nov-23,1.2373,1.1528,184.7908,1615.1343,1.1116,9.0329
02-Nov-23,1.2173,1.1466,183.1915,1624.2556,1.1031,8.9058
01-Nov-23,1.2126,1.1507,183.0662,1641.2966,1.1038,8.8732
31-Oct-23,1.2134,1.1483,183.7937,1644.0781,1.1042,8.878
30-Oct-23,1.2156,1.1446,181.1366,1639.1272,1.0962,8.89
27-Oct-23,1.2141,1.1475,181.5808,1640.589,1.0957,8.8844
26-Oct-23,1.2121,1.1502,182.2877,1645.3106,1.0896,8.8665
25-Oct-23,1.2144,1.147,182.075,1640.7151,1.0866,8.8855
24-Oct-23,1.2178,1.1489,182.536,1637.9288,1.0879,8.9009
23-Oct-23,1.2208,1.1486,182.9613,1647.1888,1.0901,8.9289
20-Oct-23,1.215,1.1475,182.1042,1641.1127,1.0833,8.8883
19-Oct-23,1.2143,1.149,182.06,1649.2258,1.089,8.881
18-Oct-23,1.2146,1.1526,181.9349,1648.8681,1.0907,8.8866
17-Oct-23,1.2182,1.1519,182.3645,1651.7878,1.0969,8.9075
16-Oct-23,1.2189,1.1554,182.3962,1645.905,1.0987,8.9113
13-Oct-23,1.2141,1.1558,181.7143,1642.5741,1.0986,8.8678
12-Oct-23,1.2214,1.157,182.8924,1645.3724,1.1068,8.9185
11-Oct-23,1.2312,1.1589,183.6212,1648.2136,1.111,8.9868
10-Oct-23,1.2257,1.1566,182.4454,1649.3203,1.11,8.9412
09-Oct-23,1.221,1.1579,181.3796,1649.6992,1.1079,8.9015
06-Oct-23,1.2188,1.1566,182.0643,1644.3867,1.1137,8.8985
05-Oct-23,1.216,1.1547,180.7098,1642.7795,1.1115,8.878
04-Oct-23,1.2115,1.1545,180.4893,1642.7637,1.1137,8.8452
03-Oct-23,1.208,1.1532,180.0645,1645.5618,1.1127,8.8196
02-Oct-23,1.2122,1.1548,181.6482,1646.8282,1.1139,8.8503
29-Sep-23,1.2207,1.1528,182.1651,1642.9584,1.1166,8.9123
28-Sep-23,1.2198,1.1548,182.2259,1648.9439,1.1181,8.9058
27-Sep-23,1.213,1.1541,181.3192,1643.6089,1.1157,8.8676
26-Sep-23,1.2168,1.1496,181.1085,1645.3266,1.1118,8.8938
25-Sep-23,1.2198,1.1533,181.677,1633.7391,1.1139,8.9176
22-Sep-23,1.2265,1.1507,181.6079,1634.3787,1.1108,8.9523
21-Sep-23,1.2288,1.1527,181.1497,1649.0865,1.1092,8.9801
20-Sep-23,1.2398,1.1566,183.1309,1643.6834,1.1091,9.0344
19-Sep-23,1.2402,1.1601,183.1899,1646.6569,1.1133,9.0464
18-Sep-23,1.238,1.1597,182.8402,1640.5233,1.1116,9.0295
15-Sep-23,1.2395,1.1623,183.2849,1646.3287,1.1118,9.0174
14-Sep-23,1.2415,1.1642,182.6743,1648.9975,1.1105,9.0344
13-Sep-23,1.249,1.1632,184.265,1656.7423,1.115,9.0857
12-Sep-23,1.2466,1.1636,183.512,1655.3041,1.113,9.0897
11-Sep-23,1.2529,1.1658,183.4496,1663.0994,1.117,9.1344
08-Sep-23,1.2485,1.1651,184.3285,1666.5852,1.1133,9.169
07-Sep-23,1.2476,1.1657,183.5594,1666.6689,1.1141,9.1427
06-Sep-23,1.2491,1.1664,184.3796,1666.5929,1.1156,9.134
05-Sep-23,1.2554,1.1724,185.4226,1673.0904,1.1164,9.1713
04-Sep-23,1.2618,1.1701,184.8032,1664.1249,1.1167,9.1748
01-Sep-23,1.2619,1.1676,184.2626,1665.3862,1.1155,9.1622
31-Aug-23,1.2673,1.1675,184.5316,1677.7024,1.1193,9.1976
30-Aug-23,1.2727,1.1645,185.6233,1682.6112,1.1159,9.2665
29-Aug-23,1.2589,1.1624,184.2148,1665.1722,1.11,9.1705
25-Aug-23,1.2554,1.1654,183.9914,1669.3054,1.1135,9.1492
24-Aug-23,1.2648,1.1668,184.1296,1674.0829,1.1154,9.2028
23-Aug-23,1.2683,1.1695,183.6245,1691.6205,1.1155,9.2335
22-Aug-23,1.2732,1.1733,185.709,1705.7633,1.1207,9.2867
21-Aug-23,1.2727,1.1691,186.2596,1707.5625,1.1205,9.2737
18-Aug-23,1.2716,1.1696,184.7126,1704.4399,1.1208,9.2706
17-Aug-23,1.2757,1.1715,186.2905,1707.3395,1.1204,9.3015
16-Aug-23,1.2753,1.1692,185.9515,1707.9455,1.1209,9.3027
15-Aug-23,1.2745,1.1648,185.0064,1700.3232,1.1162,9.2786
14-Aug-23,1.2661,1.1612,184.1542,1693.1872,1.1133,9.1938
11-Aug-23,1.2713,1.1587,184.008,1688.7186,1.1132,9.1934
10-Aug-23,1.2735,1.1559,183.9189,1672.1437,1.1127,9.1883
09-Aug-23,1.2732,1.1594,182.9716,1675.353,1.1163,9.1766
08-Aug-23,1.2722,1.1623,182.1019,1681.7823,1.1143,9.1817
07-Aug-23,1.2772,1.1608,181.7966,1670.8841,1.1169,9.1831
04-Aug-23,1.2757,1.1571,180.9453,1662.3774,1.1123,9.1493
03-Aug-23,1.2697,1.1613,180.691,1652.6288,1.1117,9.1027
02-Aug-23,1.2689,1.1611,181.9603,1652.4821,1.1135,9.1247
01-Aug-23,1.2762,1.1624,182.8412,1646.2725,1.1169,9.1535
31-Jul-23,1.2863,1.1667,182.7446,1641.5889,1.1155,9.1924
28-Jul-23,1.2864,1.1656,180.5334,1642.3983,1.116,9.198
27-Jul-23,1.2849,1.1689,181.505,1647.1583,1.1164,9.2166
26-Jul-23,1.2923,1.168,181.4002,1648.9231,1.1155,9.2387
25-Jul-23,1.2856,1.164,181.4496,1642.264,1.1133,9.1725
24-Jul-23,1.2817,1.1568,180.9632,1640.4414,1.11,9.2106
21-Jul-23,1.2845,1.1557,182.0779,1656.4077,1.1124,9.2295
20-Jul-23,1.2851,1.1531,180.2995,1640.835,1.1121,9.2216
19-Jul-23,1.2885,1.1514,179.9004,1633.9533,1.1075,9.3107
18-Jul-23,1.3081,1.1641,181.3419,1651.1885,1.122,9.3877
17-Jul-23,1.3082,1.1647,181.9837,1656.0111,1.1254,9.3811
14-Jul-23,1.3116,1.1667,181.6369,1663.2465,1.1282,9.3613
13-Jul-23,1.3114,1.1713,181.2224,1661.2028,1.1266,9.3861
12-Jul-23,1.2997,1.1688,179.9305,1657.9103,1.1271,9.3122
11-Jul-23,1.2897,1.1734,181.3447,1668.5881,1.1378,9.2965
10-Jul-23,1.2815,1.1677,181.5501,1671.7488,1.1384,9.2672
07-Jul-23,1.2825,1.1713,182.4228,1666.4099,1.1414,9.2596
06-Jul-23,1.2696,1.1681,183.1707,1666.5002,1.1385,9.2051
05-Jul-23,1.2716,1.1694,183.6953,1655.566,1.1416,9.2159
04-Jul-23,1.2726,1.1673,183.738,1646.6935,1.1401,9.1788
03-Jul-23,1.2689,1.1634,183.2917,1655.4813,1.1375,9.187
30-Jun-23,1.2714,1.1654,183.73,1675.0886,1.1374,9.2193
29-Jun-23,1.2618,1.1588,182.4806,1665.4406,1.132,9.1496
28-Jun-23,1.2614,1.157,182.3101,1654.4901,1.1319,9.1489
27-Jun-23,1.2746,1.164,183.5806,1653.7361,1.1419,9.1984
26-Jun-23,1.2709,1.1651,182.4631,1660.4626,1.1373,9.1983
23-Jun-23,1.2711,1.1678,182.7206,1663.9907,1.1414,9.1238
22-Jun-23,1.2738,1.1627,181.9241,1654.8955,1.1425,9.1432
21-Jun-23,1.2731,1.1621,180.8566,1646.2201,1.1396,9.1377
20-Jun-23,1.2735,1.1682,180.0092,1641.2104,1.1449,9.146
19-Jun-23,1.2796,1.1715,181.4985,1641.682,1.1468,9.1607
16-Jun-23,1.2812,1.1726,181.2898,1636.4319,1.1455,9.1311
15-Jun-23,1.2743,1.1679,179.0009,1623.7194,1.1396,9.0872
14-Jun-23,1.2696,1.1696,177.0203,1614.69,1.14,9.074
13-Jun-23,1.2604,1.1668,176.2291,1598.8111,1.1412,9.0169
12-Jun-23,1.251,1.164,174.6646,1609.5429,1.1377,8.939
09-Jun-23,1.258,1.1695,175.34,1621.5494,1.1348,8.967
08-Jun-23,1.2535,1.1639,174.224,1627.5193,1.1295,8.9143
07-Jun-23,1.2462,1.1638,174.1315,1624.7395,1.1313,8.8767
06-Jun-23,1.2408,1.1606,173.4142,1614.318,1.1274,8.8349
05-Jun-23,1.241,1.1586,173.3801,1617.3581,1.1247,8.8179
02-Jun-23,1.2485,1.1642,174.353,1628.3249,1.1329,8.8393
01-Jun-23,1.2524,1.1663,173.8707,1650.5192,1.1379,8.8883
31-May-23,1.2394,1.1624,173.1814,1642.9548,1.1328,8.8061
30-May-23,1.2411,1.1569,173.5058,1636.7813,1.1217,8.7851
26-May-23,1.2332,1.1519,173.2646,1635.1862,1.1188,8.7107
25-May-23,1.2357,1.1524,172.4852,1642.8817,1.1195,8.7413
24-May-23,1.2367,1.149,171.926,1632.8459,1.1187,8.7234
23-May-23,1.242,1.1523,172.1164,1637.8751,1.1179,8.755
22-May-23,1.2423,1.1503,172.1331,1635.2706,1.117,8.7371
19-May-23,1.2436,1.1529,172.2262,1652.135,1.1219,8.7258
18-May-23,1.2409,1.1522,172.0011,1658.4256,1.1234,8.7353
17-May-23,1.2466,1.152,171.3078,1666.2492,1.1208,8.7206
16-May-23,1.2494,1.1498,170.5681,1675.258,1.1198,8.7184
15-May-23,1.251,1.1514,170.3111,1675.1766,1.1201,8.6996
12-May-23,1.2477,1.1484,168.8762,1672.4046,1.1191,8.6802
11-May-23,1.2523,1.147,168.3467,1667.1745,1.1201,8.6995
10-May-23,1.2618,1.15,169.6742,1665.9609,1.1222,8.7464
09-May-23,1.2612,1.151,170.3377,1671.935,1.1241,8.7275
05-May-23,1.2627,1.1463,170.313,1664.8636,1.1265,8.7255
04-May-23,1.2572,1.1428,168.3391,1667.921,1.115,8.6855
03-May-23,1.2533,1.1339,169.3835,1669.8969,1.1126,8.6616
02-May-23,1.2472,1.1361,170.2179,1673.0814,1.1156,8.6194
28-Apr-23,1.2566,1.1385,171.1238,1681.2365,1.1188,8.6875
27-Apr-23,1.2494,1.1331,167.3696,1676.901,1.1185,8.6496
26-Apr-23,1.2472,1.1291,166.2892,1667.469,1.1104,8.636
25-Apr-23,1.2402,1.1298,166.0008,1665.0181,1.1068,8.5924
24-Apr-23,1.2456,1.13,167.4211,1663.0566,1.1076,8.5878
21-Apr-23,1.2398,1.1299,166.6663,1651.1036,1.1079,8.5451
20-Apr-23,1.2458,1.1347,167.0119,1647.9505,1.1132,8.5599
19-Apr-23,1.245,1.136,167.5889,1658.4415,1.1185,8.5729
18-Apr-23,1.2428,1.1337,166.486,1639.4061,1.1156,8.5452
17-Apr-23,1.2365,1.1328,166.334,1634.2511,1.1112,8.5065
14-Apr-23,1.2444,1.1306,166.0901,1622.822,1.1124,8.549
13-Apr-23,1.251,1.1325,165.6574,1631.9858,1.112,8.5919
12-Apr-23,1.2466,1.1355,166.1967,1649.2393,1.1186,8.5689
11-Apr-23,1.2431,1.1392,165.9663,1644.2235,1.1238,8.5612
06-Apr-23,1.2434,1.1384,163.8677,1639.0126,1.1243,8.5476
05-Apr-23,1.245,1.1412,162.9705,1637.9594,1.1265,8.5631
04-Apr-23,1.2516,1.1411,164.9609,1642.2807,1.1357,8.6049
03-Apr-23,1.2397,1.1386,164.0619,1628.3769,1.1317,8.5264
31-Mar-23,1.2364,1.1375,164.5401,1613.2053,1.1291,8.4938
30-Mar-23,1.238,1.1345,164.3197,1605.4075,1.1307,8.5082
29-Mar-23,1.2311,1.1367,163.1208,1603.4462,1.1322,8.4774
28-Mar-23,1.2327,1.1378,161.4467,1599.6378,1.134,8.4748
27-Mar-23,1.2274,1.1384,161.4031,1595.5955,1.125,8.4506
24-Mar-23,1.2224,1.136,159.7188,1587.1703,1.1224,8.3948
23-Mar-23,1.2316,1.1316,161.3519,1581.5899,1.1265,8.4118
22-Mar-23,1.2232,1.1333,162.2819,1595.4748,1.1297,8.4159
21-Mar-23,1.2196,1.1324,161.2921,1593.1574,1.1267,8.3945
20-Mar-23,1.2255,1.1429,161.2881,1600.5643,1.1358,8.4278
17-Mar-23,1.214,1.1403,160.2966,1586.6312,1.1272,8.3608
16-Mar-23,1.2109,1.1401,161.086,1580.2669,1.1261,8.351
15-Mar-23,1.2028,1.1416,159.6236,1585.2423,1.1117,8.2999
14-Mar-23,1.2146,1.1328,163.1572,1586.3951,1.1099,8.3419
13-Mar-23,1.2159,1.1331,161.9092,1581.0165,1.1089,8.3234
10-Mar-23,1.2102,1.1322,162.5541,1587.0442,1.1128,8.3534
09-Mar-23,1.1892,1.1247,162.0039,1569.4342,1.1148,8.2801
08-Mar-23,1.1837,1.1216,162.0417,1556.701,1.0553,8.2259
07-Mar-23,1.1872,1.1218,162.4446,1560.331,1.1166,8.2635
06-Mar-23,1.2002,1.1277,163.3944,1557.6387,1.1222,8.3164
03-Mar-23,1.1977,1.13,163.2824,1560.8486,1.1254,8.2699
02-Mar-23,1.1954,1.1269,163.4112,1567.7731,1.1255,8.2628
01-Mar-23,1.2007,1.1251,163.4393,1563.2934,1.1276,8.2435
28-Feb-23,1.2107,1.1415,164.9094,1597.1918,1.1348,8.3932
27-Feb-23,1.2031,1.1348,163.7539,1586.4317,1.1273,8.3531
24-Feb-23,1.1941,1.1328,162.8633,1572.0864,1.1223,8.3044
23-Feb-23,1.2023,1.1348,162.1302,1559.84,1.1223,8.2967
22-Feb-23,1.2067,1.1355,162.4339,1571.1958,1.122,8.3151
21-Feb-23,1.2139,1.1362,163.5609,1580.0972,1.1237,8.3395
20-Feb-23,1.2028,1.1257,161.2594,1559.2197,1.1107,8.2411
17-Feb-23,1.1998,1.1247,161.1211,1556.6145,1.1131,8.2379
16-Feb-23,1.2011,1.1253,161.1756,1550.6802,1.1121,8.2383
15-Feb-23,1.2003,1.1243,161.1763,1545.2662,1.1109,8.2233
14-Feb-23,1.2156,1.1344,161.4803,1544.6204,1.1211,8.2971
13-Feb-23,1.2137,1.1321,161.1429,1550.1376,1.1178,8.2811
10-Feb-23,1.2074,1.1308,158.592,1531.4118,1.1158,8.2188
09-Feb-23,1.2169,1.1307,159.3165,1532.8072,1.1189,8.2484
08-Feb-23,1.2077,1.1262,158.7642,1522.1549,1.1122,8.1969
07-Feb-23,1.2015,1.1229,157.6368,1514.5929,1.1091,8.1594
06-Feb-23,1.2013,1.1194,159.5927,1516.2328,1.115,8.159
03-Feb-23,1.2105,1.1148,158.6723,1503.7618,1.117,8.1991
02-Feb-23,1.2298,1.1232,157.8571,1503.5535,1.1185,8.2752
01-Feb-23,1.2326,1.1287,159.3136,1513.5527,1.1272,8.3085
31-Jan-23,1.2307,1.1331,160.0156,1519.1699,1.1303,8.3117
30-Jan-23,1.2379,1.1387,161.3355,1521.2986,1.1426,8.3533
27-Jan-23,1.2358,1.1401,160.6416,1522.4253,1.141,8.3818
26-Jan-23,1.2356,1.1384,161.184,1525.8857,1.1392,8.3805
25-Jan-23,1.2358,1.1338,160.1597,1528.2891,1.1372,8.3818
24-Jan-23,1.2315,1.1324,160.2058,1520.3914,1.1368,8.3526
23-Jan-23,1.2368,1.1385,161.5756,1522.7543,1.1413,8.3886
20-Jan-23,1.2369,1.142,160.698,1526.3841,1.1388,8.3893
19-Jan-23,1.2359,1.1454,158.7761,1530.0751,1.1333,8.3717
18-Jan-23,1.2394,1.144,159.1018,1525.8501,1.1316,8.3598
17-Jan-23,1.228,1.1368,157.3682,1521.3631,1.1305,8.3164
16-Jan-23,1.2206,1.1276,156.8959,1514.1116,1.1305,8.2173
13-Jan-23,1.2215,1.128,155.7657,1513.1698,1.1315,8.1853
12-Jan-23,1.2177,1.1258,157.8748,1512.7061,1.1319,8.203
11-Jan-23,1.213,1.1276,160.7225,1512.6292,1.1282,8.212
10-Jan-23,1.2148,1.1324,160.5844,1513.4464,1.1213,8.2327
09-Jan-23,1.2193,1.1353,160.8866,1507.7498,1.1198,8.2547
06-Jan-23,1.2047,1.1363,159.5505,1515.7355,1.1217,8.2365
05-Jan-23,1.1879,1.1294,159.0717,1518.3203,1.1139,8.1728
04-Jan-23,1.2041,1.1359,159.0255,1533.8729,1.1196,8.2932
03-Jan-23,1.2008,1.1376,157.0166,1533.6978,1.1266,8.2999
30-Dec-22,1.2039,1.1277,158.6138,1509.0104,1.1108,8.3045
29-Dec-22,1.2055,1.13,160.5967,1523.6556,1.113,8.3933
28-Dec-22,1.2037,1.1337,161.5245,1532.7434,1.1174,8.3987
23-Dec-22,1.207,1.1373,160.2051,1546.2032,1.1229,8.4294
22-Dec-22,1.203,1.1347,159.0967,1545.849,1.1193,8.4004
21-Dec-22,1.2109,1.1406,159.8146,1554.3597,1.1217,8.4533
20-Dec-22,1.2139,1.1409,159.4943,1558.1256,1.124,8.4487
19-Dec-22,1.213,1.1465,166.1567,1579.7445,1.1322,8.4633
16-Dec-22,1.2153,1.1447,166.0586,1589.2843,1.133,8.4716
15-Dec-22,1.222,1.1474,168.1594,1612.209,1.1346,8.5193
14-Dec-22,1.2404,1.1651,167.2927,1607.9925,1.146,8.6205
13-Dec-22,1.2395,1.1651,167.5308,1602.0909,1.1485,8.6058
12-Dec-22,1.2253,1.1643,168.3685,1601.1179,1.1469,8.5493
09-Dec-22,1.2295,1.1664,167.9497,1602.7454,1.1471,8.5523
08-Dec-22,1.2219,1.1589,166.7771,1609.3034,1.1437,8.5104
07-Dec-22,1.2198,1.1612,166.7589,1607.7391,1.1455,8.5022
06-Dec-22,1.2223,1.1641,167.0395,1614.6216,1.149,8.5482
05-Dec-22,1.2218,1.1604,166.5069,1590.8936,1.1463,8.5049
02-Dec-22,1.2216,1.1663,165.5024,1594.2491,1.1496,8.5744
01-Dec-22,1.2267,1.1697,166.7453,1601.0336,1.1521,8.6389
30-Nov-22,1.1912,1.1566,166.1724,1570.9307,1.1351,8.4431
29-Nov-22,1.2002,1.1586,165.9987,1593.6552,1.1418,8.5933
28-Nov-22,1.204,1.1577,167.0309,1609.0136,1.1375,8.6777
25-Nov-22,1.2095,1.1622,168.3745,1613.3521,1.1448,8.6651
24-Nov-22,1.2142,1.1664,167.9967,1609.4525,1.1458,8.6815
23-Nov-22,1.2065,1.1627,168.6446,1618.8938,1.1369,8.6361
22-Nov-22,1.188,1.1552,167.9357,1608.8787,1.1317,8.4809
21-Nov-22,1.1786,1.1509,167.2551,1603.5914,1.1296,8.4435
18-Nov-22,1.1927,1.1511,166.8349,1597.4964,1.1347,8.4911
17-Nov-22,1.1778,1.1402,165.5869,1588.2574,1.1247,8.4273
16-Nov-22,1.1889,1.1427,165.6851,1582.0217,1.1205,8.4232
15-Nov-22,1.1895,1.1472,165.6141,1561.8908,1.1237,8.3788
14-Nov-22,1.1729,1.1355,164.6869,1555.5938,1.1093,8.2936
11-Nov-22,1.1774,1.1403,163.8117,1549.1641,1.1136,8.3673
10-Nov-22,1.1678,1.147,165.3722,1580.7224,1.1296,8.3895
09-Nov-22,1.1374,1.1346,166.413,1555.3206,1.1195,8.2349
08-Nov-22,1.1564,1.1487,168.2678,1586.6155,1.1388,8.3822
07-Nov-22,1.1466,1.1464,167.931,1600.1319,1.1344,8.286
04-Nov-22,1.1277,1.1398,166.0313,1589.2056,1.1257,8.0998
03-Nov-22,1.1179,1.1457,165.684,1594.3378,1.1329,8.1607
02-Nov-22,1.1463,1.1611,168.6437,1624.7885,1.1452,8.3554
01-Nov-22,1.146,1.161,169.7455,1624.8962,1.1455,8.3349
31-Oct-22,1.1514,1.1648,171.1326,1644.1013,1.1521,8.4069
28-Oct-22,1.1592,1.165,171.0052,1650.9674,1.155,8.4041
27-Oct-22,1.1581,1.1583,169.1173,1640.6629,1.1462,8.3661
26-Oct-22,1.16,1.1545,170.0328,1642.3802,1.1456,8.3296
25-Oct-22,1.1458,1.1507,169.3836,1633.527,1.1412,8.3286
24-Oct-22,1.1314,1.1446,168.3071,1633.7359,1.132,8.2172
21-Oct-22,1.1126,1.1412,168.392,1604.4081,1.1253,8.0612
20-Oct-22,1.1319,1.1502,169.3436,1611.0616,1.1328,8.1694
19-Oct-22,1.126,1.1503,168.6072,1612.9443,1.1304,8.1373
18-Oct-22,1.1322,1.1494,168.7827,1613.9851,1.1261,8.1517
17-Oct-22,1.1434,1.1648,170.0579,1637.1659,1.1394,8.2214
14-Oct-22,1.1251,1.1537,166.9423,1617.86,1.1288,8.0889
13-Oct-22,1.1237,1.1567,165.5997,1620.3192,1.1283,8.0867
12-Oct-22,1.1072,1.1413,162.6145,1582.5542,1.1058,7.9483
11-Oct-22,1.1083,1.1416,161.5236,1589.2301,1.1053,7.9443
10-Oct-22,1.1048,1.1386,160.9915,1577.9527,1.1047,7.903
07-Oct-22,1.1117,1.1367,161.3633,1575.2567,1.1035,7.9081
06-Oct-22,1.1199,1.1379,162.2623,1576.1809,1.1078,7.9664
05-Oct-22,1.1245,1.141,162.7826,1599.9836,1.1082,7.9991
04-Oct-22,1.1404,1.1453,164.7536,1619.1228,1.1192,8.1122
03-Oct-22,1.128,1.1494,162.9622,1619.1368,1.1177,8.024
30-Sep-22,1.117,1.1404,161.7193,1604.9224,1.0994,7.9447
29-Sep-22,1.1034,1.1298,159.5406,1578.6068,1.0824,7.8725
28-Sep-22,1.0745,1.1159,155.3297,1540.2044,1.0535,7.7361
27-Sep-22,1.0774,1.1197,155.8998,1535.1711,1.0663,7.7314
26-Sep-22,1.0787,1.1182,155.7103,1537.6113,1.069,7.7084
23-Sep-22,1.0897,1.1228,156.1322,1546.2189,1.0699,7.7691
22-Sep-22,1.1265,1.1476,160.0419,1586.1514,1.1059,7.9647
21-Sep-22,1.1333,1.1472,163.2859,1579.9392,1.0935,7.987
20-Sep-22,1.1415,1.1422,164.0678,1591.2567,1.1014,8.011
16-Sep-22,1.1431,1.1396,163.429,1586.2913,1.1,8.0011
15-Sep-22,1.149,1.1495,164.847,1607.0546,1.1038,8.0339
14-Sep-22,1.158,1.1581,165.1771,1611.7855,1.1118,8.0597
13-Sep-22,1.1541,1.1524,166.4443,1604.2682,1.1089,7.9916
12-Sep-22,1.1704,1.1554,166.6533,1613.1974,1.114,8.1038
09-Sep-22,1.1583,1.1535,164.9767,1596.2301,1.1137,8.0201
08-Sep-22,1.1491,1.1541,165.4244,1592.2849,1.1184,7.9929
07-Sep-22,1.1467,1.1526,165.6867,1585.2382,1.1259,7.9868
06-Sep-22,1.1529,1.1641,164.5304,1591.5266,1.1345,8.0183
05-Sep-22,1.1507,1.16,161.7424,1577.9549,1.1294,7.9772
02-Sep-22,1.1584,1.1554,162.2223,1572.1168,1.1344,7.9919
01-Sep-22,1.1526,1.16,161.4216,1560.9547,1.135,7.9552
31-Aug-22,1.1638,1.1574,161.3376,1561.1504,1.1358,8.0164
30-Aug-22,1.1631,1.1644,161.5662,1572.5286,1.1354,8.037
26-Aug-22,1.1792,1.1774,161.9042,1569.185,1.1358,8.0845
25-Aug-22,1.1826,1.1849,161.6732,1578.3926,1.1399,8.0949
24-Aug-22,1.1818,1.183,161.6348,1582.3416,1.1411,8.1049
23-Aug-22,1.1852,1.1869,161.5072,1583.8598,1.1406,8.0997
22-Aug-22,1.179,1.1829,161.747,1586.8043,1.1358,8.0714
19-Aug-22,1.1805,1.1756,161.8702,1578.8302,1.1322,8.0468
18-Aug-22,1.2003,1.185,162.2926,1592.6301,1.1456,8.1473
17-Aug-22,1.2044,1.1852,163.1601,1585.2975,1.148,8.1658
16-Aug-22,1.2095,1.1882,162.5447,1585.9508,1.1498,8.2065
15-Aug-22,1.208,1.185,160.664,1582.6552,1.1404,8.1794
12-Aug-22,1.2118,1.1826,162.054,1582.4533,1.1443,8.17
11-Aug-22,1.2226,1.1818,162.0679,1589.4595,1.1484,8.2415
10-Aug-22,1.2259,1.1838,161.9414,1590.973,1.1526,8.2417
09-Aug-22,1.2088,1.1824,163.1396,1579.2428,1.1514,8.1617
08-Aug-22,1.2119,1.1862,163.2672,1583.0444,1.1554,8.1829
05-Aug-22,1.206,1.1864,163.1959,1570.1577,1.1615,8.1514
04-Aug-22,1.2111,1.1861,161.2337,1582.9864,1.1593,8.1725
03-Aug-22,1.2112,1.1957,162.7732,1588.0104,1.1676,8.1835
02-Aug-22,1.2218,1.1978,160.9477,1599.5561,1.1655,8.2519
01-Aug-22,1.2283,1.1957,161.9145,1602.348,1.1664,8.3104
29-Jul-22,1.2162,1.1928,162.5816,1588.7464,1.1583,8.2044
28-Jul-22,1.2114,1.1959,164.2537,1577.0793,1.1586,8.1817
27-Jul-22,1.2031,1.1887,165.1616,1578.8161,1.1603,8.1312
26-Jul-22,1.2044,1.1888,164.497,1577.5231,1.1603,8.1437
25-Jul-22,1.2045,1.1788,164.6431,1579.768,1.1622,8.1316
22-Jul-22,1.204,1.1769,163.8403,1575.6989,1.1568,8.1234
21-Jul-22,1.1947,1.1723,164.6894,1568.6292,1.1583,8.0839
20-Jul-22,1.1998,1.1748,165.6924,1572.1999,1.1642,8.1021
19-Jul-22,1.2027,1.1738,165.8283,1570.2331,1.1648,8.1104
18-Jul-22,1.2026,1.1796,165.9949,1579.9639,1.1712,8.1055
15-Jul-22,1.1855,1.176,164.2747,1566.3715,1.1605,8.0075
14-Jul-22,1.1785,1.179,164.1061,1563.1035,1.1614,7.9667
13-Jul-22,1.1954,1.1822,163.9423,1557.3617,1.1688,8.031
12-Jul-22,1.1888,1.1829,162.4495,1554.0112,1.1665,7.9941
11-Jul-22,1.1885,1.1785,163.3593,1559.4784,1.1643,7.9796
08-Jul-22,1.2025,1.1821,163.6122,1558.0432,1.174,8.0489
07-Jul-22,1.2001,1.1798,163.1296,1558.1738,1.1676,8.0395
06-Jul-22,1.1912,1.1685,161.6101,1555.3498,1.1557,7.993
05-Jul-22,1.1916,1.1634,162.1053,1565.3751,1.156,8.0064
04-Jul-22,1.2117,1.1625,164.4762,1570.2481,1.1649,8.1122
01-Jul-22,1.2005,1.1549,162.2236,1562.6008,1.1562,8.0476
30-Jun-22,1.2143,1.1618,164.9748,1576.131,1.1628,8.1346
29-Jun-22,1.2121,1.1568,165.8395,1573.1119,1.155,8.1199
28-Jun-22,1.2201,1.1602,166.2508,1573.9351,1.1684,8.181
27-Jun-22,1.2303,1.161,166.312,1580.7018,1.1765,8.2318
24-Jun-22,1.2288,1.1654,166.1583,1587.0628,1.1735,8.2133
23-Jun-22,1.2242,1.1575,164.6182,1590.7255,1.173,8.1997
22-Jun-22,1.2254,1.1648,166.8137,1589.307,1.1753,8.2065
21-Jun-22,1.2282,1.1624,166.679,1585.3913,1.1835,8.2142
20-Jun-22,1.2255,1.163,165.3935,1583.1928,1.1849,8.1986
17-Jun-22,1.2182,1.1648,164.7859,1579.0187,1.1843,8.182
16-Jun-22,1.2274,1.1695,162.7164,1590.7902,1.1897,8.2328
15-Jun-22,1.2066,1.159,162.3842,1558.4265,1.2077,8.1005
14-Jun-22,1.2001,1.1528,161.5335,1548.8851,1.2003,8.0908
13-Jun-22,1.2131,1.1641,162.422,1569.248,1.2097,8.1969
10-Jun-22,1.2342,1.172,165.6543,1580.6214,1.2196,8.2772
09-Jun-22,1.254,1.1777,168.4247,1580.6294,1.2284,8.3905
08-Jun-22,1.2549,1.1694,167.9809,1575.6524,1.2228,8.3857
07-Jun-22,1.258,1.175,166.6598,1577.9283,1.2234,8.3891
06-Jun-22,1.2557,1.1716,164.9236,1571.4646,1.2133,8.3485
01-Jun-22,1.2496,1.1715,162.398,1554.8835,1.2044,8.3477
31-May-22,1.2601,1.1763,162.1119,1563.9479,1.2079,8.4036
30-May-22,1.2648,1.1732,161.4264,1565.4619,1.211,8.4223
27-May-22,1.2615,1.1778,160.3619,1576.9255,1.207,8.4478
26-May-22,1.2573,1.1731,160.1046,1587.6556,1.2078,8.4648
25-May-22,1.2545,1.1748,159.7857,1590.6433,1.2077,8.3919
24-May-22,1.2525,1.1676,158.4914,1583.661,1.2019,8.3323
23-May-22,1.2571,1.1783,160.494,1584.6248,1.2135,8.3587
20-May-22,1.2466,1.1808,159.5648,1582.8018,1.2158,8.3373
19-May-22,1.2489,1.1795,159.1099,1583.3492,1.2141,8.3811
18-May-22,1.2413,1.181,159.5071,1576.7924,1.2281,8.3785
17-May-22,1.247,1.1837,161.2246,1581.8881,1.2381,8.4017
16-May-22,1.225,1.1775,158.123,1570.6399,1.231,8.3075
13-May-22,1.222,1.1757,158.0779,1565.6447,1.2244,8.294
12-May-22,1.2228,1.1743,156.6407,1575.2843,1.2206,8.293
11-May-22,1.234,1.17,160.7655,1571.6162,1.2226,8.2874
10-May-22,1.2313,1.1679,160.3522,1570.7325,1.2234,8.2817
09-May-22,1.2306,1.1688,160.6179,1571.2424,1.226,8.2742
06-May-22,1.235,1.1671,161.0687,1567.9375,1.2167,8.2326
05-May-22,1.2374,1.1747,161.159,1561.1657,1.219,8.2193
04-May-22,1.2499,1.1851,162.487,1579.6424,1.2283,8.2593
03-May-22,1.2514,1.1872,162.5944,1579.3794,1.2239,8.2693
29-Apr-22,1.2556,1.1904,162.7885,1583.8704,1.2186,8.29
28-Apr-22,1.2439,1.1829,162.9633,1586.694,1.2087,8.241
27-Apr-22,1.2503,1.1891,160.426,1586.1743,1.2128,8.2031
26-Apr-22,1.2621,1.185,160.5013,1590.6246,1.2119,8.2729
25-Apr-22,1.2717,1.1876,162.5868,1592.8233,1.2188,8.3403
22-Apr-22,1.2843,1.1916,165.0454,1595.7748,1.2304,8.3427
21-Apr-22,1.3031,1.2018,167.4874,1615.9027,1.2407,8.4042
20-Apr-22,1.3048,1.2009,166.5708,1612.0543,1.2346,8.3716
19-Apr-22,1.299,1.2043,167.3632,1612.5786,1.2333,8.3058
14-Apr-22,1.3048,1.2106,164.2743,1604.8388,1.2299,8.3207
13-Apr-22,1.3038,1.2019,163.9268,1598.4718,1.2184,8.2969
12-Apr-22,1.3038,1.1989,163.1836,1601.4836,1.2128,8.3003
11-Apr-22,1.3041,1.1971,163.7037,1609.4681,1.2141,8.3014
08-Apr-22,1.3007,1.1964,161.8071,1599.3082,1.2154,8.274
07-Apr-22,1.3066,1.1976,161.9073,1595.7767,1.2194,8.3028
06-Apr-22,1.3094,1.1992,161.9728,1595.3533,1.2209,8.3202
05-Apr-22,1.3114,1.2001,161.8268,1595.0296,1.2176,8.3438
04-Apr-22,1.3116,1.1928,160.9989,1594.381,1.2143,8.3451
01-Apr-22,1.3109,1.1876,161.0441,1597.2989,1.2143,8.3399
31-Mar-22,1.3162,1.1835,159.7867,1597.9853,1.2117,8.3385
30-Mar-22,1.3173,1.1801,160.7238,1591.7133,1.2149,8.3609
29-Mar-22,1.3136,1.1835,161.205,1596.1685,1.2239,8.355
28-Mar-22,1.3089,1.1929,161.3874,1603.5334,1.2233,8.3334
25-Mar-22,1.3192,1.2009,160.9292,1615.6176,1.2275,8.3978
24-Mar-22,1.3184,1.1979,160.9239,1609.2127,1.2273,8.3943
23-Mar-22,1.3211,1.201,159.9059,1609.113,1.2314,8.418
22-Mar-22,1.326,1.203,159.9819,1614.0072,1.2365,8.4413
21-Mar-22,1.3202,1.1953,157.2754,1605.5084,1.2282,8.3901
18-Mar-22,1.3173,1.1922,156.9826,1596.4886,1.229,8.3792
17-Mar-22,1.3157,1.1844,155.8447,1592.5364,1.2302,8.3493
16-Mar-22,1.3095,1.1911,155.1627,1608.3606,1.2328,8.3166
15-Mar-22,1.3067,1.1908,154.4519,1624.2412,1.2301,8.3232
14-Mar-22,1.3047,1.1884,153.9546,1617.1757,1.2211,8.2988
11-Mar-22,1.3085,1.1932,153.0945,1615.2451,1.2208,8.2945
10-Mar-22,1.313,1.1916,152.2817,1610.1253,1.2177,8.2997
09-Mar-22,1.3158,1.1913,152.396,1612.5721,1.2194,8.3124
08-Mar-22,1.3111,1.2054,151.55,1618.8414,1.218,8.2833
07-Mar-22,1.3135,1.2077,151.5648,1615.559,1.2159,8.3005
04-Mar-22,1.3215,1.2105,151.7346,1611.6618,1.2146,8.3503
03-Mar-22,1.3341,1.206,154.2753,1611.5795,1.2278,8.4308
02-Mar-22,1.3315,1.203,153.8548,1604.4908,1.2288,8.4164
01-Mar-22,1.3352,1.1986,153.2943,1605.4712,1.2276,8.4272
28-Feb-22,1.3419,1.1949,154.5466,1615.0236,1.2311,8.4652
25-Feb-22,1.3416,1.1931,155.0621,1609.3632,1.245,8.4748
24-Feb-22,1.3275,1.1949,153.459,1607.4233,1.2325,8.4008
23-Feb-22,1.356,1.1974,155.9942,1617.0368,1.2437,8.561
22-Feb-22,1.3591,1.199,156.3916,1620.2647,1.2521,8.5977
21-Feb-22,1.3607,1.2003,156.2628,1622.0496,1.2457,8.6194
18-Feb-22,1.3584,1.1978,156.4198,1624.8366,1.252,8.592
17-Feb-22,1.362,1.198,156.6028,1631.676,1.2533,8.6325
16-Feb-22,1.3578,1.1949,156.7309,1626.1624,1.253,8.5992
15-Feb-22,1.3522,1.1907,156.5036,1618.8403,1.2531,8.5709
14-Feb-22,1.3513,1.1952,156.1968,1618.3709,1.2516,8.5898
11-Feb-22,1.3603,1.193,157.6316,1624.7355,1.2592,8.6433
10-Feb-22,1.3616,1.1873,157.9048,1626.1453,1.2585,8.6497
09-Feb-22,1.3546,1.1853,156.4021,1618.002,1.2515,8.6178
08-Feb-22,1.3553,1.187,156.6727,1622.5313,1.2534,8.6278
07-Feb-22,1.353,1.1823,155.6762,1620.6708,1.249,8.6028
04-Feb-22,1.353,1.1825,155.9738,1623.918,1.2518,8.6058
03-Feb-22,1.361,1.192,156.3789,1634.7311,1.2508,8.6566
02-Feb-22,1.3572,1.2002,155.1687,1629.7529,1.246,8.6325
01-Feb-22,1.3506,1.201,155.0354,1627.0476,1.2471,8.5905
31-Jan-22,1.3418,1.197,154.6559,1618.7341,1.2492,8.5345
28-Jan-22,1.3415,1.2015,154.5408,1622.3363,1.2479,8.5326
27-Jan-22,1.339,1.201,154.5876,1610.5626,1.2471,8.5218
26-Jan-22,1.3513,1.198,154.5482,1616.4521,1.2452,8.541
25-Jan-22,1.3486,1.1961,153.646,1615.0294,1.2396,8.5308
24-Jan-22,1.3464,1.1906,153.4223,1611.6408,1.2329,8.5233
21-Jan-22,1.3559,1.1944,154.098,1614.9379,1.2352,8.5944
20-Jan-22,1.3659,1.2033,155.7126,1622.9214,1.249,8.6606
19-Jan-22,1.359,1.1977,155.3745,1615.1579,1.2451,8.6224
18-Jan-22,1.3582,1.1973,155.5818,1619.6535,1.2451,8.628
17-Jan-22,1.365,1.1968,156.4427,1626.8616,1.2476,8.6653
14-Jan-22,1.3683,1.1967,155.7125,1626.8403,1.2479,8.692
13-Jan-22,1.3734,1.1983,156.7461,1628.1726,1.2502,8.7341
12-Jan-22,1.3687,1.1984,157.2089,1625.5776,1.2528,8.7022
11-Jan-22,1.3605,1.1997,157.0969,1624.2533,1.2589,8.6711
10-Jan-22,1.3561,1.198,156.1142,1625.7876,1.2545,8.646
07-Jan-22,1.3572,1.196,156.9466,1633.0238,1.2486,8.6547
06-Jan-22,1.3527,1.1975,156.575,1628.9349,1.2438,8.6332
05-Jan-22,1.3565,1.1965,157.0691,1623.2896,1.2411,8.6328
04-Jan-22,1.3553,1.1984,157.4181,1622.66,1.239,8.6361
31-Dec-21,1.3477,1.1907,155.1472,1601.0406,1.2305,8.5553
30-Dec-21,1.3499,1.1913,155.4545,1605.2268,1.2337,8.5976
29-Dec-21,1.3486,1.1882,155.0081,1598.9811,1.2319,8.5879
24-Dec-21,1.3413,1.1841,153.4313,1591.439,1.2306,8.5409
23-Dec-21,1.341,1.1858,153.4104,1593.1482,1.234,8.5416
22-Dec-21,1.3345,1.1787,152.5467,1588.4887,1.2283,8.5001
21-Dec-21,1.3233,1.1748,150.9621,1577.3868,1.2242,8.4315
20-Dec-21,1.3221,1.1711,149.9394,1573.2858,1.2177,8.4292
17-Dec-21,1.3263,1.1764,150.734,1574.5635,1.2232,8.4549
16-Dec-21,1.3327,1.1789,151.5813,1581.1486,1.2287,8.4858
15-Dec-21,1.3214,1.1744,150.4282,1570.4178,1.224,8.4138
14-Dec-21,1.3233,1.1739,150.4857,1568.9111,1.2227,8.4256
13-Dec-21,1.3231,1.1734,150.1057,1566.7356,1.2194,8.4189
10-Dec-21,1.3228,1.1703,150.0452,1559.9847,1.2195,8.4243
09-Dec-21,1.3206,1.1703,149.8221,1555.2178,1.2223,8.4217
08-Dec-21,1.3216,1.1662,150.5302,1553.2897,1.2192,8.3836
07-Dec-21,1.3235,1.1769,150.429,1557.7793,1.226,8.425
06-Dec-21,1.3236,1.1741,150.1624,1563.3106,1.2254,8.4387
03-Dec-21,1.3219,1.172,149.6787,1561.6795,1.2164,8.4282
02-Dec-21,1.3307,1.1757,150.3292,1565.1627,1.2234,8.4849
01-Dec-21,1.3315,1.1748,150.4329,1565.1783,1.2246,8.4781
30-Nov-21,1.3233,1.1752,150.2078,1570.6777,1.2239,8.4215
29-Nov-21,1.3295,1.18,151.2838,1586.4392,1.2297,8.4922
26-Nov-21,1.3336,1.1783,150.9502,1592.9985,1.2304,8.5249
25-Nov-21,1.3319,1.1881,153.6613,1585.7868,1.2464,8.5055
24-Nov-21,1.333,1.1906,153.8948,1584.6704,1.248,8.5201
23-Nov-21,1.337,1.187,153.7283,1592.3001,1.2466,8.5448
22-Nov-21,1.3402,1.1915,153.7611,1593.0421,1.2484,8.5561
19-Nov-21,1.3462,1.1894,153.2783,1598.3096,1.2474,8.5972
18-Nov-21,1.3477,1.1876,154.0286,1596.8628,1.2482,8.6052
17-Nov-21,1.3465,1.1907,154.2146,1592.6873,1.2517,8.5873
16-Nov-21,1.3421,1.1825,153.7644,1589.1873,1.2463,8.5786
15-Nov-21,1.3431,1.176,153.0731,1586.3757,1.2385,8.5722
12-Nov-21,1.3394,1.1703,152.6246,1578.9316,1.2345,8.5436
11-Nov-21,1.3392,1.1676,152.6286,1579.4525,1.2327,8.5572
10-Nov-21,1.3475,1.1698,153.4803,1592.0039,1.2347,8.6081
09-Nov-21,1.3551,1.1697,153.0179,1597.2564,1.2373,8.6613
08-Nov-21,1.3563,1.1703,153.5332,1601.5869,1.2388,8.667
05-Nov-21,1.3492,1.1677,153.0802,1596.6298,1.2321,8.6322
04-Nov-21,1.3492,1.1686,153.3231,1601.3385,1.2317,8.6308
03-Nov-21,1.3659,1.1791,155.8219,1618.1408,1.2458,8.7501
02-Nov-21,1.3611,1.1753,154.8932,1602.2189,1.2449,8.7104
01-Nov-21,1.3678,1.18,156.2028,1611.1727,1.2455,8.7501
29-Oct-21,1.3706,1.1845,156.3032,1609.3722,1.2527,8.7769
28-Oct-21,1.38,1.1816,156.5196,1611.357,1.2608,8.821
27-Oct-21,1.3713,1.1825,155.9579,1606.0528,1.2579,8.7634
26-Oct-21,1.3784,1.1889,157.4271,1608.6479,1.2683,8.7976
25-Oct-21,1.3771,1.1859,156.5625,1607.7642,1.2657,8.7936
22-Oct-21,1.3772,1.1827,156.4637,1619.4564,1.2614,8.7893
21-Oct-21,1.3821,1.1867,157.435,1626.6695,1.269,8.8342
20-Oct-21,1.3816,1.1861,157.9169,1623.3869,1.2705,8.8333
19-Oct-21,1.3799,1.1851,157.6812,1623.1833,1.271,8.805
18-Oct-21,1.372,1.1826,156.7373,1625.9778,1.2676,8.8192
15-Oct-21,1.3769,1.1864,157.0768,1627.482,1.2709,8.8577
14-Oct-21,1.3683,1.1806,155.5757,1623.0775,1.2638,8.8105
13-Oct-21,1.3633,1.1779,154.5301,1621.0728,1.2627,8.7618
12-Oct-21,1.3601,1.1778,154.5346,1628.7197,1.2638,8.7691
11-Oct-21,1.3626,1.1775,154.3281,1628.0209,1.2626,8.7882
08-Oct-21,1.3637,1.1783,152.7889,1630.4056,1.2639,8.7874
07-Oct-21,1.3622,1.1783,151.9262,1621.3449,1.2629,8.7797
06-Oct-21,1.3569,1.1755,150.9687,1619.9894,1.2589,8.7455
05-Oct-21,1.3624,1.1752,151.9621,1616.0107,1.2646,8.7809
04-Oct-21,1.3605,1.1704,150.8658,1609.3355,1.2568,8.7687
01-Oct-21,1.354,1.1676,150.2398,1602.2627,1.2591,8.7268
30-Sep-21,1.3484,1.1635,150.4545,1595.8719,1.2582,8.6973
29-Sep-21,1.3425,1.1559,150.2526,1592.7219,1.2528,8.681
28-Sep-21,1.3537,1.1596,150.8699,1607.0856,1.2572,8.7446
27-Sep-21,1.3708,1.1716,152.1451,1617.3247,1.2692,8.8519
24-Sep-21,1.3672,1.1673,151.3901,1614.6769,1.2647,8.8398
23-Sep-21,1.3745,1.1699,151.4012,1611.7799,1.2677,8.8765
22-Sep-21,1.3645,1.1628,149.5765,1613.1256,1.2588,8.8124
21-Sep-21,1.3644,1.1637,149.0198,1619.0243,1.2592,8.8215
20-Sep-21,1.3665,1.1656,149.6454,1622.2473,1.2684,8.8351
17-Sep-21,1.3749,1.1715,151.2115,1622.4164,1.2806,8.892
16-Sep-21,1.3782,1.1719,151.1748,1620.7701,1.2754,8.8985
15-Sep-21,1.3828,1.17,151.14,1615.3247,1.2712,8.8929
14-Sep-21,1.385,1.1715,151.8791,1620.7339,1.2734,8.918
13-Sep-21,1.3848,1.1726,152.2311,1625.3467,1.2754,8.9277
10-Sep-21,1.3855,1.1709,152.1833,1620.0097,1.2708,8.9241
09-Sep-21,1.3844,1.1716,152.0487,1618.3774,1.2716,8.9303
08-Sep-21,1.3737,1.163,151.5603,1603.9939,1.267,8.8771
07-Sep-21,1.3783,1.1636,151.9024,1603.1628,1.2658,8.911
06-Sep-21,1.3827,1.1656,151.8896,1599.618,1.2668,8.9295
03-Sep-21,1.3871,1.1675,152.1094,1602.7871,1.267,8.9239
02-Sep-21,1.3833,1.1656,152.1353,1600.9692,1.2649,8.9298
01-Sep-21,1.3786,1.163,151.6874,1593.9235,1.2603,8.9052
31-Aug-21,1.3761,1.1658,151.1783,1593.0491,1.2606,8.8847
27-Aug-21,1.3747,1.1662,151.2033,1599.1266,1.2558,8.8966
26-Aug-21,1.3715,1.1668,150.9473,1605.1693,1.2592,8.8903
25-Aug-21,1.3731,1.1685,151.1646,1599.6684,1.2558,8.8885
24-Aug-21,1.3732,1.1677,150.6126,1599.7025,1.2524,8.8832
23-Aug-21,1.3714,1.1687,150.6209,1604.5037,1.2533,8.8889
20-Aug-21,1.3613,1.1656,149.4844,1607.7021,1.2498,8.8508
19-Aug-21,1.3661,1.1692,149.8885,1606.5746,1.2541,8.8716
18-Aug-21,1.3756,1.1746,151.1647,1610.972,1.2624,8.9173
17-Aug-21,1.3738,1.1725,150.5685,1616.5985,1.2561,8.911
16-Aug-21,1.3858,1.1756,151.2601,1617.8591,1.2626,8.9693
13-Aug-21,1.3853,1.1791,152.2168,1611.4987,1.2695,8.973
12-Aug-21,1.3835,1.1795,152.6831,1609.7092,1.2777,8.964
11-Aug-21,1.3868,1.1814,153.2137,1604.486,1.2778,8.9852
10-Aug-21,1.3847,1.1815,153.0786,1595.5275,1.2774,8.9785
09-Aug-21,1.3848,1.1791,152.7157,1588.3933,1.2732,8.9806
06-Aug-21,1.3868,1.1794,153.0056,1590.9855,1.2684,8.9906
05-Aug-21,1.3933,1.1769,152.845,1591.5039,1.2633,9.0018
04-Aug-21,1.3908,1.1744,152.3621,1590.9987,1.2608,8.9901
03-Aug-21,1.3892,1.1714,151.3533,1598.0593,1.2561,8.9881
02-Aug-21,1.3898,1.1701,151.8773,1599.083,1.2568,8.9784
30-Jul-21,1.3907,1.1727,152.6571,1600.6331,1.2605,8.9874
29-Jul-21,1.3975,1.1759,153.2079,1595.7703,1.2661,9.0186
28-Jul-21,1.3871,1.1755,152.7197,1603.5084,1.2681,9.0031
27-Jul-21,1.3881,1.1739,152.4273,1603.2624,1.269,9.0344
26-Jul-21,1.3824,1.1707,152.4649,1593.9763,1.2666,8.9599
23-Jul-21,1.375,1.169,152.0337,1586.6881,1.2661,8.9111
22-Jul-21,1.3756,1.1667,151.5223,1581.6649,1.2634,8.9
21-Jul-21,1.3675,1.1599,150.8763,1574.0951,1.2565,8.8423
20-Jul-21,1.3605,1.1564,149.5462,1564.4458,1.2552,8.8222
19-Jul-21,1.367,1.1578,149.502,1574.039,1.255,8.8709
16-Jul-21,1.379,1.168,151.8417,1575.0317,1.2677,8.9332
15-Jul-21,1.3863,1.1731,152.5346,1582.5377,1.2737,8.9512
14-Jul-21,1.3869,1.1734,152.6838,1590.9685,1.2705,8.9623
13-Jul-21,1.3842,1.1708,152.7049,1586.9645,1.2682,8.9537
12-Jul-21,1.3894,1.1707,153.2369,1592.4539,1.2712,8.9971
09-Jul-21,1.3839,1.1664,152.4504,1583.3961,1.2665,8.9663
08-Jul-21,1.3761,1.1609,150.7655,1583.3613,1.2575,8.9281
07-Jul-21,1.3777,1.1676,152.4701,1572.5825,1.2749,8.9187
06-Jul-21,1.3807,1.1671,152.664,1568.6202,1.2755,8.9392
05-Jul-21,1.384,1.1668,153.5548,1563.7885,1.276,8.9476
02-Jul-21,1.3783,1.1638,153.4324,1562.3789,1.2729,8.9233
01-Jul-21,1.377,1.1615,153.6181,1562.1445,1.2746,8.9063
30-Jun-21,1.3819,1.165,153.3771,1561.1186,1.2772,8.9218
29-Jun-21,1.3837,1.1622,152.8988,1567.3239,1.274,8.9423
28-Jun-21,1.3885,1.1637,153.4848,1569.8867,1.2759,8.9635
25-Jun-21,1.3914,1.1643,154.1115,1567.3356,1.2748,8.9784
24-Jun-21,1.3895,1.1651,154.04,1574.6648,1.2772,8.9921
23-Jun-21,1.3969,1.1691,154.7765,1584.5246,1.2807,9.0423
22-Jun-21,1.3916,1.1695,154.0919,1584.1209,1.281,9.0071
21-Jun-21,1.3905,1.1673,153.2192,1577.0425,1.2772,8.9907
18-Jun-21,1.3807,1.1645,152.1946,1568.7721,1.2741,8.9076
17-Jun-21,1.3951,1.1684,153.7958,1579.8182,1.2771,8.9942
16-Jun-21,1.4104,1.1643,155.0594,1578.0472,1.2687,9.0222
15-Jun-21,1.4083,1.1616,155.0679,1574.8667,1.2656,9.0204
14-Jun-21,1.4115,1.1642,155.2509,1577.683,1.2695,9.0289
11-Jun-21,1.4123,1.1662,155.0282,1577.6591,1.2695,9.0348
10-Jun-21,1.4142,1.1618,155.0105,1578.2684,1.2671,9.0397
09-Jun-21,1.4127,1.1593,154.8319,1575.5843,1.2654,9.0229
08-Jun-21,1.415,1.1612,154.8718,1579.2178,1.268,9.0552
07-Jun-21,1.4168,1.1626,154.8366,1574.3209,1.2722,9.0629
04-Jun-21,1.4172,1.1651,155.2117,1576.7129,1.2746,9.0603
03-Jun-21,1.418,1.1635,156.2211,1584.2109,1.2822,9.0792
02-Jun-21,1.4165,1.1604,155.2909,1573.342,1.2727,9.0395
01-Jun-21,1.4173,1.1573,155.0526,1568.6393,1.2689,9.0421
28-May-21,1.4176,1.1638,155.8651,1580.702,1.276,9.0263
27-May-21,1.4181,1.1625,155.5939,1584.4077,1.2732,9.0482
26-May-21,1.4124,1.157,154.0363,1578.011,1.2675,9.0254
25-May-21,1.4133,1.154,153.9508,1587.3479,1.2667,9.0581
24-May-21,1.4158,1.1587,153.9683,1593.2776,1.2698,9.0863
21-May-21,1.4162,1.1622,154.3092,1595.1793,1.2723,9.1074
20-May-21,1.4155,1.1589,154.0913,1597.9226,1.2739,9.1052
19-May-21,1.4145,1.1579,153.643,1597.9677,1.274,9.1027
18-May-21,1.4211,1.163,154.7578,1603.1287,1.275,9.1286
17-May-21,1.4118,1.1625,154.1544,1604.3554,1.2729,9.0899
14-May-21,1.4088,1.161,154.165,1588.3586,1.2717,9.0677
13-May-21,1.4046,1.1633,153.9161,1586.889,1.2734,9.0604
12-May-21,1.4096,1.1674,154.182,1593.1088,1.281,9.0961
11-May-21,1.4144,1.163,153.4624,1585.7334,1.2761,9.0925
10-May-21,1.4138,1.1626,153.7366,1573.4958,1.2717,9.0724
07-May-21,1.3979,1.1513,151.77,1557.8267,1.2622,8.9962
06-May-21,1.3888,1.1516,151.4903,1557.9767,1.2616,8.9733
05-May-21,1.391,1.1587,151.9111,1565.0558,1.2703,9.0039
04-May-21,1.3883,1.1537,151.6024,1563.8019,1.2656,8.9865
30-Apr-21,1.3845,1.15,151.312,1545.3927,1.2629,8.9577
29-Apr-21,1.3945,1.1514,151.9308,1546.2983,1.2707,9.0274
28-Apr-21,1.3906,1.1503,151.4363,1547.258,1.2699,9.0104
27-Apr-21,1.3915,1.1519,150.9221,1548.6351,1.2702,9.0212
26-Apr-21,1.3894,1.15,150.1525,1543.3247,1.2701,9.009
23-Apr-21,1.3841,1.1487,149.6074,1545.5622,1.2689,8.9907
22-Apr-21,1.3846,1.1517,149.606,1549.0628,1.2705,8.9834
21-Apr-21,1.3929,1.158,150.6561,1558.1467,1.278,9.0403
20-Apr-21,1.395,1.1578,150.8414,1555.8993,1.2749,9.0651
19-Apr-21,1.3984,1.1634,151.0552,1559.6285,1.2801,9.1008
16-Apr-21,1.3817,1.1534,150.3428,1540.637,1.2696,9.0084
15-Apr-21,1.3795,1.1524,149.993,1539.5979,1.2718,8.9978
14-Apr-21,1.3781,1.1515,150.2267,1538.2903,1.2718,8.998
13-Apr-21,1.3732,1.1513,149.9672,1542.8314,1.2668,8.9809
12-Apr-21,1.3744,1.1543,150.3594,1544.7638,1.2676,8.9981
09-Apr-21,1.3729,1.1548,150.4698,1537.8402,1.2703,8.9966
08-Apr-21,1.3731,1.154,150.0112,1534.0685,1.2705,8.9938
07-Apr-21,1.3788,1.1585,151.1441,1539.7818,1.2788,9.0185
06-Apr-21,1.3858,1.1706,152.1193,1549.6639,1.2932,9.0604
01-Apr-21,1.3819,1.1751,152.8658,1560.9528,1.3035,9.072
31-Mar-21,1.3796,1.1739,152.4734,1555.6301,1.2982,9.0288
30-Mar-21,1.3711,1.1691,151.246,1555.1908,1.2932,9.0118
29-Mar-21,1.3772,1.1707,151.1752,1563.2735,1.2929,9.0489
26-Mar-21,1.3792,1.1691,151.1052,1559.5304,1.2963,9.0216
25-Mar-21,1.3722,1.1653,149.7482,1559.8346,1.289,8.9813
24-Mar-21,1.3722,1.1598,149.3228,1554.2909,1.2837,8.9509
23-Mar-21,1.3793,1.1618,149.8058,1558.1262,1.2867,8.9875
22-Mar-21,1.3855,1.1612,150.5761,1561.1814,1.2791,9.0154
19-Mar-21,1.3872,1.1648,150.9967,1566.3846,1.2902,9.0265
18-Mar-21,1.3939,1.1689,151.8933,1570.0262,1.294,9.0679
17-Mar-21,1.3889,1.1667,151.6818,1571.8876,1.2886,9.032
16-Mar-21,1.3892,1.168,151.4645,1571.1852,1.2867,9.037
15-Mar-21,1.3862,1.1633,151.2899,1573.1984,1.2869,9.0097
12-Mar-21,1.3893,1.1638,151.4198,1579.7036,1.2912,9.0417
11-Mar-21,1.3969,1.1681,151.5636,1582.0242,1.2931,9.0704
10-Mar-21,1.3904,1.1688,151.0392,1586.1544,1.2949,9.0446
09-Mar-21,1.3893,1.1689,151.1419,1581.6903,1.2926,9.0374
08-Mar-21,1.3812,1.1648,150.3436,1575.7835,1.2924,9.0123
05-Mar-21,1.3817,1.1604,149.5828,1562.1431,1.2869,8.9755
04-Mar-21,1.3991,1.162,150.5292,1573.4559,1.2944,9.0513
03-Mar-21,1.3974,1.1575,149.4939,1571.3554,1.282,9.0377
02-Mar-21,1.3948,1.1563,148.8531,1571.0609,1.276,9.0246
01-Mar-21,1.3938,1.1566,148.607,1559.8713,1.2728,9.0106
26-Feb-21,1.3976,1.1513,148.9003,1576.7024,1.2655,9.0467
25-Feb-21,1.4134,1.1565,150.2162,1572.8739,1.277,9.1222
24-Feb-21,1.4103,1.1633,149.4072,1565.299,1.2821,9.1043
23-Feb-21,1.4106,1.16,148.2964,1567.7549,1.27,9.1181
22-Feb-21,1.4052,1.1577,147.6444,1562.1117,1.2603,9.0811
19-Feb-21,1.4022,1.1552,147.9882,1549.1996,1.2543,9.0519
18-Feb-21,1.3947,1.1553,147.5453,1545.9482,1.2517,9.0473
17-Feb-21,1.3853,1.1513,146.7448,1535.1548,1.2447,8.941
16-Feb-21,1.3926,1.1492,147.1978,1540.7448,1.2412,8.9881
15-Feb-21,1.3912,1.1467,146.5768,1533.7702,1.238,8.9791
12-Feb-21,1.3849,1.1427,145.3591,1529.6428,1.2348,8.9384
11-Feb-21,1.3826,1.1401,144.8135,1524.8626,1.2312,8.8795
10-Feb-21,1.3845,1.1413,144.9018,1531.3816,1.2328,8.9405
09-Feb-21,1.3796,1.1404,144.2786,1533.4737,1.2324,8.8769
08-Feb-21,1.374,1.1405,144.5448,1536.5579,1.2352,8.8546
05-Feb-21,1.3724,1.1414,144.7608,1535.9215,1.2358,8.8745
04-Feb-21,1.3659,1.1402,143.9932,1530.2861,1.2338,8.8394
03-Feb-21,1.3644,1.136,143.3712,1522.7113,1.2276,8.8112
02-Feb-21,1.3629,1.1331,143.2408,1522.0186,1.2248,8.7977
01-Feb-21,1.3663,1.1308,143.4068,1527.824,1.2237,8.8357
29-Jan-21,1.3728,1.13,143.7322,1529.6012,1.2211,8.8202
28-Jan-21,1.3719,1.1317,143.1029,1528.7905,1.2189,8.8475
27-Jan-21,1.3704,1.1335,142.6723,1517.5741,1.2191,8.8832
26-Jan-21,1.3742,1.1294,142.4358,1515.6464,1.2193,8.8821
25-Jan-21,1.3671,1.127,141.864,1508.1027,1.2149,8.8566
22-Jan-21,1.367,1.123,141.8809,1512.2027,1.2103,8.8595
21-Jan-21,1.372,1.1299,142.098,1510.4554,1.2167,8.8624
20-Jan-21,1.363,1.1259,141.2341,1499.852,1.2139,8.8118
19-Jan-21,1.3618,1.1228,141.4774,1501.153,1.2098,8.8213
18-Jan-21,1.3575,1.1242,140.7728,1499.7049,1.209,8.8104
15-Jan-21,1.3585,1.1234,141.1074,1498.7447,1.2091,8.8031
14-Jan-21,1.3691,1.1272,141.9757,1502.2313,1.2156,8.863
13-Jan-21,1.3634,1.121,141.6982,1496.611,1.2103,8.8181
12-Jan-21,1.3624,1.1202,141.9757,1496.7735,1.2119,8.8025
11-Jan-21,1.3492,1.1103,140.6946,1480.747,1.2025,8.7421
08-Jan-21,1.359,1.1088,141.0642,1485.1832,1.2003,8.7995
07-Jan-21,1.3544,1.1048,140.7628,1481.8016,1.1978,8.7711
06-Jan-21,1.355,1.1032,140.0935,1474.5246,1.194,8.7556
05-Jan-21,1.3593,1.1074,139.7224,1477.8378,1.1955,8.7743
04-Jan-21,1.3579,1.1065,140.0402,1473.2265,1.1945,8.7722
31-Dec-20,1.3649,1.1118,140.6666,1485.7755,1.2022,8.9262
30-Dec-20,1.3608,1.1063,140.5026,1479.4073,1.2013,8.8735
29-Dec-20,1.3494,1.1022,139.8113,1474.8537,1.1938,8.8116
24-Dec-20,1.3588,1.1142,140.8668,1498.0226,1.2076,8.8675
23-Dec-20,1.3522,1.1095,140.0744,1497.9469,1.2026,8.8434
22-Dec-20,1.3322,1.0945,138.1491,1476.7703,1.1847,8.7161
21-Dec-20,1.3314,1.0902,137.8132,1474.9848,1.1818,8.7163
18-Dec-20,1.3485,1.1022,139.4484,1481.125,1.194,8.8122
17-Dec-20,1.3591,1.1098,140.0417,1487.5485,1.2021,8.8778
16-Dec-20,1.3495,1.1073,139.6867,1476.2585,1.1942,8.8153
15-Dec-20,1.3448,1.106,139.4423,1470.5993,1.1918,8.7934
14-Dec-20,1.333,1.0991,138.6986,1456.7091,1.1841,8.7285
11-Dec-20,1.3216,1.0916,137.3803,1443.3061,1.1773,8.6492
10-Dec-20,1.3275,1.0946,138.5777,1444.7581,1.1775,8.6865
09-Dec-20,1.3396,1.1088,139.5997,1456.0983,1.1924,8.7623
08-Dec-20,1.3361,1.103,139.1147,1450.724,1.1875,8.7257
07-Dec-20,1.3313,1.0972,138.5218,1442.6832,1.1834,8.6927
04-Dec-20,1.3473,1.1098,140.4021,1461.3287,1.2004,8.798
03-Dec-20,1.3497,1.11,140.0584,1473.7442,1.2019,8.8295
02-Dec-20,1.3326,1.1032,139.3766,1469.2648,1.1949,8.7448
01-Dec-20,1.3364,1.1104,139.6404,1480.6777,1.2042,8.7808
30-Nov-20,1.3353,1.116,139.2718,1478.9449,1.2086,8.7809
27-Nov-20,1.3344,1.1171,138.8043,1473.9782,1.2076,8.7721
26-Nov-20,1.333,1.1198,139.0052,1475.6443,1.209,8.7633
25-Nov-20,1.3379,1.1241,139.6901,1481.5169,1.2171,8.7967
24-Nov-20,1.3355,1.1247,139.7868,1484.4817,1.2178,8.8009
23-Nov-20,1.3294,1.125,138.8957,1482.5136,1.2147,8.7541
20-Nov-20,1.3286,1.1207,137.922,1481.7344,1.2109,8.7167
19-Nov-20,1.3226,1.1171,137.4181,1473.912,1.2066,8.7013
18-Nov-20,1.3302,1.1201,137.9151,1470.6824,1.2099,8.7245
17-Nov-20,1.326,1.1165,138.1957,1465.6344,1.2075,8.6927
16-Nov-20,1.3176,1.1132,137.8341,1458.2011,1.2024,8.6738
13-Nov-20,1.3159,1.1133,137.6958,1460.195,1.2022,8.6901
12-Nov-20,1.3129,1.1117,138.0252,1460.5816,1.2,8.6801
11-Nov-20,1.3197,1.1224,139.3867,1470.7661,1.2119,8.7497
10-Nov-20,1.325,1.1208,139.39,1480.5948,1.21,8.7643
09-Nov-20,1.315,1.1118,138.5879,1471.4193,1.198,8.7158
06-Nov-20,1.316,1.1079,135.9428,1475.5189,1.1835,8.6961
05-Nov-20,1.3022,1.1088,134.973,1463.777,1.1797,8.598
04-Nov-20,1.2994,1.1095,135.7353,1469.5369,1.1851,8.6384
03-Nov-20,1.3071,1.114,136.6704,1479.0294,1.1929,8.7261
02-Nov-20,1.2904,1.1092,135.2339,1464.2943,1.1867,8.6326
30-Oct-20,1.2933,1.1104,135.2274,1469.0013,1.1854,8.6546
29-Oct-20,1.2905,1.1068,135.0508,1463.2592,1.183,8.6644
28-Oct-20,1.2994,1.1058,135.6054,1473.9874,1.1819,8.7422
27-Oct-20,1.3066,1.1043,136.4678,1474.1845,1.1842,8.76
26-Oct-20,1.302,1.1019,136.5407,1475.4003,1.1814,8.7389
23-Oct-20,1.3047,1.1022,136.7456,1474.8133,1.1823,8.7187
22-Oct-20,1.3095,1.1072,137.2618,1487.0486,1.1878,8.7544
21-Oct-20,1.3163,1.1085,137.4283,1490.2293,1.189,8.7512
20-Oct-20,1.2962,1.0955,136.8528,1476.145,1.1753,8.6527
19-Oct-20,1.2997,1.1031,137.0924,1481.7685,1.1822,8.6854
16-Oct-20,1.293,1.1033,136.2822,1475.7203,1.1826,8.6605
15-Oct-20,1.2906,1.1031,135.8744,1480.9958,1.1795,8.6807
14-Oct-20,1.3041,1.1091,137.074,1494.6812,1.1896,8.7553
13-Oct-20,1.2987,1.1057,137.0518,1492.7582,1.1869,8.7626
12-Oct-20,1.307,1.1064,137.5879,1501.8606,1.1879,8.8149
09-Oct-20,1.2994,1.0999,137.3206,1485.3701,1.1847,8.6968
08-Oct-20,1.2928,1.1004,137.0627,1490.4109,1.1865,8.7779
07-Oct-20,1.2895,1.0964,136.7386,1492.8735,1.1827,8.7554
06-Oct-20,1.2963,1.0997,136.8763,1506.1126,1.1852,8.8016
05-Oct-20,1.2974,1.1003,137.0573,1501.3772,1.1873,8.8091
02-Oct-20,1.2932,1.1039,136.2516,1507.4509,1.1896,8.7806
01-Oct-20,1.287,1.0964,135.9716,1498.2739,1.1831,8.7385
30-Sep-20,1.2924,1.1023,136.387,1506.0596,1.1872,8.7702
29-Sep-20,1.2842,1.0947,135.7271,1501.0564,1.1833,8.7504
28-Sep-20,1.2842,1.1029,135.65,1501.8013,1.191,8.7466
25-Sep-20,1.2705,1.0935,134.241,1495.3404,1.1804,8.6723
24-Sep-20,1.2714,1.0923,134.1073,1490.9835,1.1797,8.6838
23-Sep-20,1.2765,1.0938,134.4091,1491.1754,1.1778,8.6933
22-Sep-20,1.2721,1.0868,133.5705,1480.2982,1.1697,8.6229
21-Sep-20,1.2795,1.0896,133.7461,1492.396,1.1719,8.705
18-Sep-20,1.2962,1.0928,135.2455,1506.5733,1.1792,8.7753
17-Sep-20,1.2952,1.0954,135.7111,1519.2307,1.1782,8.7592
16-Sep-20,1.3006,1.098,136.3809,1524.6869,1.1803,8.7828
15-Sep-20,1.2854,1.0846,135.5711,1516.862,1.1673,8.7175
14-Sep-20,1.2883,1.0852,136.1347,1521.8623,1.1681,8.7771
11-Sep-20,1.2782,1.0805,135.7448,1517.3768,1.1627,8.7339
10-Sep-20,1.2867,1.0837,136.6089,1526.9398,1.1678,8.7907
09-Sep-20,1.2996,1.1006,138.0695,1540.2209,1.1874,8.8773
08-Sep-20,1.3023,1.1044,137.9526,1548.4412,1.1946,8.9136
07-Sep-20,1.3177,1.1142,140.0583,1565.4276,1.2058,9.0003
04-Sep-20,1.3199,1.1197,140.3846,1572.0801,1.2089,9.0308
03-Sep-20,1.3271,1.1215,140.9513,1579.6206,1.207,9.0775
02-Sep-20,1.3303,1.1236,141.2113,1582.3519,1.2114,9.0969
01-Sep-20,1.345,1.1248,142.5297,1594.6589,1.221,9.1829
28-Aug-20,1.333,1.1205,140.3916,1576.0592,1.2054,9.1524
27-Aug-20,1.3189,1.1188,140.3969,1566.1014,1.1999,9.0932
26-Aug-20,1.3193,1.1163,140.0173,1564.1819,1.1985,9.0854
25-Aug-20,1.3118,1.1095,139.7592,1558.1232,1.1931,9.0666
24-Aug-20,1.3071,1.1064,138.3827,1553.8086,1.1901,9.0425
21-Aug-20,1.3073,1.1098,138.5215,1558.3212,1.193,9.0392
20-Aug-20,1.3144,1.1099,139.2475,1561.3298,1.1954,9.0884
19-Aug-20,1.3182,1.1081,139.3733,1554.4873,1.2,9.123
18-Aug-20,1.3223,1.1093,139.4498,1566.3305,1.1952,9.1523
17-Aug-20,1.3099,1.1038,138.8494,1551.629,1.1869,9.08
14-Aug-20,1.311,1.1083,139.5559,1555.6129,1.1922,9.1108
13-Aug-20,1.3096,1.1061,139.97,1550.6973,1.1913,9.0932
12-Aug-20,1.3058,1.1061,139.577,1545.5971,1.1888,9.0582
11-Aug-20,1.3087,1.1124,139.3111,1549.8607,1.1988,9.0834
10-Aug-20,1.3089,1.1124,138.4554,1552.7481,1.1971,9.1085
07-Aug-20,1.3051,1.1071,138.1709,1551.9205,1.1916,9.0872
06-Aug-20,1.3143,1.1091,138.6849,1558.1684,1.1971,9.1357
05-Aug-20,1.3143,1.1059,138.7375,1558.4575,1.1917,9.1173
04-Aug-20,1.3079,1.1106,138.6505,1562.3389,1.1971,9.1161
03-Aug-20,1.3032,1.1104,138.2956,1557.1285,1.2009,9.0999
31-Jul-20,1.3126,1.1096,138.7156,1565.5905,1.1949,9.1546
30-Jul-20,1.3046,1.1063,137.0104,1560.5092,1.1896,9.1423
29-Jul-20,1.2966,1.1011,136.2727,1547.7968,1.1856,9.0781
28-Jul-20,1.2947,1.1038,135.9047,1552.6819,1.1874,9.0619
27-Jul-20,1.2895,1.0951,135.578,1542.1517,1.1866,9.0201
24-Jul-20,1.2789,1.1,135.3716,1538.6766,1.1804,8.9682
23-Jul-20,1.2746,1.0992,136.3695,1529.3925,1.1799,8.9254
22-Jul-20,1.2732,1.0982,136.4616,1523.0082,1.1831,8.906
21-Jul-20,1.2749,1.1097,136.2868,1523.7732,1.1934,8.901
20-Jul-20,1.2647,1.1055,135.5505,1520.5615,1.1883,8.8293
17-Jul-20,1.2536,1.0974,134.3116,1510.5528,1.1781,8.7643
16-Jul-20,1.2597,1.102,134.9517,1515.7466,1.1887,8.8027
15-Jul-20,1.2623,1.1055,134.8641,1516.5525,1.1914,8.8193
14-Jul-20,1.253,1.0993,134.3843,1511.1243,1.1764,8.7854
13-Jul-20,1.2619,1.1101,135.3766,1514.7406,1.188,8.828
10-Jul-20,1.2662,1.1187,135.1795,1519.9845,1.1895,8.8601
09-Jul-20,1.2615,1.117,135.3463,1509.7128,1.1857,8.8198
08-Jul-20,1.2596,1.1118,135.4196,1503.9624,1.1816,8.8172
07-Jul-20,1.2575,1.1143,135.2441,1502.6999,1.1841,8.8147
06-Jul-20,1.2509,1.1052,134.4217,1491.1479,1.1756,8.7762
03-Jul-20,1.2468,1.1092,134.0684,1495.3496,1.1784,8.8093
02-Jul-20,1.2466,1.1102,134.1716,1495.6333,1.179,8.8091
01-Jul-20,1.2458,1.1063,133.9609,1496.6481,1.1775,8.8071
30-Jun-20,1.2359,1.1002,133.3907,1482.2087,1.1711,8.7276
29-Jun-20,1.2268,1.0908,132.1632,1473.8162,1.1653,8.685
26-Jun-20,1.232,1.0997,132.2429,1482.5518,1.1695,8.7189
25-Jun-20,1.2406,1.1063,132.9923,1492.2681,1.1772,8.7797
24-Jun-20,1.245,1.1042,133.1279,1500.9284,1.1796,8.8109
23-Jun-20,1.252,1.105,133.0375,1510.8072,1.1808,8.8375
22-Jun-20,1.2448,1.1063,133.0442,1507.8325,1.1799,8.798
19-Jun-20,1.2361,1.1056,132.2256,1493.4498,1.1766,8.7417
18-Jun-20,1.242,1.1069,132.5959,1504.298,1.1809,8.8027
17-Jun-20,1.2545,1.1178,134.5577,1522.8564,1.1944,8.8869
16-Jun-20,1.2583,1.1177,135.0533,1527.161,1.1964,8.9153
15-Jun-20,1.2559,1.1145,134.9213,1522.2889,1.193,8.9027
12-Jun-20,1.2539,1.115,134.5811,1510.8367,1.1931,8.875
11-Jun-20,1.2645,1.111,134.8716,1516.439,1.1875,8.9324
10-Jun-20,1.2755,1.1237,136.8229,1519.7391,1.2061,9.0018
09-Jun-20,1.2722,1.1205,137.0414,1522.798,1.2073,9.0036
08-Jun-20,1.2698,1.1237,137.913,1522.795,1.2141,8.976
05-Jun-20,1.2725,1.1248,139.6314,1534.1833,1.2248,9.0177
04-Jun-20,1.2607,1.1112,137.4163,1532.3682,1.2065,8.9604
03-Jun-20,1.2597,1.1229,137.0932,1532.7904,1.212,8.9716
02-Jun-20,1.2557,1.1229,136.3439,1527.8855,1.2064,8.9166
01-Jun-20,1.2481,1.1207,134.2456,1528.3234,1.1988,8.8917
29-May-20,1.2368,1.1118,133.1539,1528.6848,1.1878,8.8199
28-May-20,1.2323,1.1146,132.6201,1522.9934,1.1897,8.8045
27-May-20,1.2217,1.1131,131.6993,1511.866,1.1848,8.7573
26-May-20,1.2363,1.1252,133.0135,1522.1078,1.1962,8.8187
22-May-20,1.219,1.1194,131.0303,1514.5222,1.1856,8.6881
21-May-20,1.2212,1.1164,131.682,1505.8251,1.1859,8.6821
20-May-20,1.227,1.1162,131.8289,1503.6026,1.1831,8.7058
19-May-20,1.2251,1.119,132.2495,1499.0262,1.1902,8.6944
18-May-20,1.2192,1.123,130.9665,1495.3,1.1821,8.6651
15-May-20,1.2126,1.1208,130.0999,1494.5901,1.1794,8.611
14-May-20,1.2199,1.1283,130.5903,1501.8189,1.1855,8.6546
13-May-20,1.2226,1.128,130.9649,1496.6336,1.1867,8.6686
12-May-20,1.233,1.1338,132.2393,1507.9097,1.1922,8.7309
11-May-20,1.2358,1.1416,132.8732,1512.3967,1.2008,8.7653
07-May-20,1.2287,1.14,130.9303,1503.0564,1.2013,8.7077
06-May-20,1.2362,1.1449,131.099,1517.9671,1.2055,8.7816
05-May-20,1.2454,1.1488,132.7721,1519.8986,1.2108,8.7928
04-May-20,1.2421,1.1378,132.8426,1522.8394,1.1981,8.7695
01-May-20,1.2547,1.1399,134.0898,1534.4856,1.2044,8.8584
30-Apr-20,1.2613,1.1515,134.8708,1525.0126,1.2166,8.9023
29-Apr-20,1.2436,1.1459,132.5802,1509.6496,1.2108,8.799
28-Apr-20,1.2436,1.1476,132.9906,1518.4356,1.2121,8.8017
27-Apr-20,1.2409,1.1447,133.0245,1518.7747,1.2104,8.7878
24-Apr-20,1.2338,1.1409,132.5595,1522.83,1.2014,8.7328
23-Apr-20,1.2386,1.1438,133.2981,1524.1716,1.2042,8.7545
22-Apr-20,1.2329,1.1385,132.9189,1522.2801,1.1974,8.7281
21-Apr-20,1.2273,1.1302,132.1188,1513.7764,1.189,8.703
20-Apr-20,1.2473,1.1463,134.2718,1517.8768,1.2054,8.8205
17-Apr-20,1.2504,1.1483,134.443,1522.4933,1.2079,8.8451
16-Apr-20,1.2451,1.1473,133.8981,1527.0218,1.206,8.8087
15-Apr-20,1.2498,1.1463,134.241,1529.4428,1.2066,8.8302
14-Apr-20,1.2594,1.148,135.0329,1528.1434,1.2098,8.8723
09-Apr-20,1.247,1.1401,135.3369,1508.9698,1.2045,8.7692
08-Apr-20,1.2379,1.1396,134.6092,1508.0407,1.2021,8.7461
07-Apr-20,1.2304,1.1306,134.0767,1492.4383,1.1952,8.6701
06-Apr-20,1.2255,1.1364,133.7266,1504.2522,1.1992,8.6898
03-Apr-20,1.2258,1.1352,133.0116,1517.8469,1.1987,8.689
02-Apr-20,1.2377,1.1392,133.6345,1521.3561,1.2035,8.7727
01-Apr-20,1.2424,1.1374,133.1729,1530.0405,1.203,8.8157
31-Mar-20,1.2403,1.1306,133.8656,1512.1738,1.1996,8.7832
30-Mar-20,1.2416,1.1258,134.1797,1520.6993,1.1917,8.8083
27-Mar-20,1.2359,1.1176,133.6749,1510.1339,1.1813,8.7677
26-Mar-20,1.2135,1.1009,132.8783,1476.9994,1.1709,8.5805
25-Mar-20,1.1761,1.0859,131.0646,1450.1313,1.151,8.362
24-Mar-20,1.1772,1.0915,131.1519,1457.0087,1.1553,8.3122
23-Mar-20,1.1492,1.0681,127.9864,1462.9316,1.1291,8.1478
20-Mar-20,1.1741,1.0991,130.6773,1468.9165,1.1586,8.3302
19-Mar-20,1.1658,1.0896,128.3429,1458.6373,1.148,8.2839
18-Mar-20,1.1763,1.0858,127.558,1482.8673,1.1449,8.2881
17-Mar-20,1.2016,1.0953,129.0879,1491.522,1.1594,8.4182
16-Mar-20,1.2277,1.1024,129.7556,1507.4437,1.1625,8.5832
13-Mar-20,1.2406,1.1207,132.9179,1503.7933,1.1834,8.6887
12-Mar-20,1.254,1.1317,132.5478,1519.1834,1.1963,8.8134
11-Mar-20,1.2887,1.1424,135.0944,1531.2269,1.2091,8.9687
10-Mar-20,1.2932,1.1402,134.1048,1540.6732,1.2066,8.9941
09-Mar-20,1.311,1.1479,134.4037,1572.2298,1.2184,9.1046
06-Mar-20,1.3029,1.152,137.2866,1549.1872,1.2217,9.0288
05-Mar-20,1.2922,1.155,137.8777,1536.0123,1.2285,8.9635
04-Mar-20,1.2821,1.1511,137.5437,1518.9295,1.2252,8.8778
03-Mar-20,1.2819,1.1465,137.8683,1522.1922,1.225,8.9193
02-Mar-20,1.2748,1.1454,137.5764,1520.2118,1.2234,8.872
28-Feb-20,1.2776,1.163,137.9169,1544.9761,1.2371,8.9312